timestamp,dataset,ucr_type,resample,transformer,arm,top_n,n_train,n_test,n_classes,pool_features,used_features,accuracy,balanced_accuracy,redundancy,relevance,tabpfn_n_estimators,transform_time,mi_time,select_time,tabpfn_time,seed,device,n_cpus,gpu_name,host,notes
2026-09-07T12:21:24+00:00,ProximalPhalanxOutlineCorrect,Image,1,MultiRocket,random,100,600,291,2,49728,100,0.8797250859106529,0.8360825868472799,0.34902,0.07081,8,0.994,13.556,0.001,5.6,1,cuda,16,NVIDIA A100-SXM4-80GB,gpu109-23-r,a100-reference
2026-09-07T12:21:28+00:00,ProximalPhalanxOutlineCorrect,Image,1,MultiRocket,mutual_info,100,600,291,2,49728,100,0.8625429553264605,0.7972197946253003,0.7688,0.20338,8,0.994,13.556,0.003,3.756,1,cuda,16,NVIDIA A100-SXM4-80GB,gpu109-23-r,a100-reference
2026-09-07T12:21:31+00:00,ProximalPhalanxOutlineCorrect,Image,1,MultiRocket,mrmr,100,600,291,2,49728,100,0.8934707903780069,0.8461328381035613,0.24456,0.16798,8,0.994,13.556,0.046,2.8,1,cuda,16,NVIDIA A100-SXM4-80GB,gpu109-23-r,a100-reference
2026-09-07T12:21:48+00:00,ProximalPhalanxOutlineCorrect,Image,1,MultiRocket,pca,100,600,291,2,49728,100,0.8865979381443299,0.844029932270046,0.0,0.01595,8,0.994,13.556,13.089,3.674,1,cuda,16,NVIDIA A100-SXM4-80GB,gpu109-23-r,a100-reference
2026-09-07T13:50:58+00:00,MedicalImages,Image,1,MultiRocket,random,100,381,760,10,49728,100,0.8315789473684211,0.7721266890920592,0.27777,0.20052,8,0.774,5335.133,0.015,2.103,1,cuda,16,NVIDIA A100-SXM4-80GB,gpu109-23-r,a100-reference
2026-09-07T13:51:10+00:00,MedicalImages,Image,1,MultiRocket,mutual_info,100,381,760,10,49728,100,0.7894736842105263,0.7114040248829354,0.46654,0.41712,8,0.774,5335.133,0.01,1.186,1,cuda,16,NVIDIA A100-SXM4-80GB,gpu109-23-r,a100-reference
2026-09-07T13:51:23+00:00,MedicalImages,Image,1,MultiRocket,mrmr,100,381,760,10,49728,100,0.8078947368421052,0.749963880424455,0.20608,0.38759,8,0.774,5335.133,0.017,1.234,1,cuda,16,NVIDIA A100-SXM4-80GB,gpu109-23-r,a100-reference
2026-09-07T13:51:49+00:00,MedicalImages,Image,1,MultiRocket,pca,100,381,760,10,49728,100,0.8421052631578947,0.8032216365572111,0.0,0.05479,8,0.774,5335.133,13.072,1.749,1,cuda,16,NVIDIA A100-SXM4-80GB,gpu109-23-r,a100-reference
2026-09-07T13:52:05+00:00,Fish,Image,1,MultiRocket,random,100,175,175,7,49728,100,0.9485714285714286,0.9487875589107116,0.21445,0.27252,8,0.42,14.051,0.0,1.131,1,cuda,16,NVIDIA A100-SXM4-80GB,gpu109-23-r,a100-reference
2026-09-07T13:52:06+00:00,Fish,Image,1,MultiRocket,mutual_info,100,175,175,7,49728,100,0.9542857142857143,0.9548048749280278,0.44512,0.74255,8,0.42,14.051,0.002,1.152,1,cuda,16,NVIDIA A100-SXM4-80GB,gpu109-23-r,a100-reference
2026-09-07T13:52:08+00:00,Fish,Image,1,MultiRocket,mrmr,100,175,175,7,49728,100,0.9485714285714286,0.9467439703153989,0.21659,0.70305,8,0.42,14.051,0.045,1.27,1,cuda,16,NVIDIA A100-SXM4-80GB,gpu109-23-r,a100-reference
2026-09-07T13:52:21+00:00,Fish,Image,1,MultiRocket,pca,100,175,175,7,49728,100,0.9828571428571429,0.9826901669758812,0.0,0.07053,8,0.42,14.051,9.569,4.164,1,cuda,16,NVIDIA A100-SXM4-80GB,gpu109-23-r,a100-reference
2026-09-07T13:52:37+00:00,OSULeaf,Image,1,MultiRocket,random,100,200,242,6,49728,100,0.9338842975206612,0.9152048434657131,0.33881,0.36457,8,0.754,12.526,0.006,1.683,1,cuda,16,NVIDIA A100-SXM4-80GB,gpu109-23-r,a100-reference
2026-09-07T13:52:38+00:00,OSULeaf,Image,1,MultiRocket,mutual_info,100,200,242,6,49728,100,0.8842975206611571,0.8636771441119268,0.9315,0.93416,8,0.754,12.526,0.002,0.892,1,cuda,16,NVIDIA A100-SXM4-80GB,gpu109-23-r,a100-reference
2026-09-07T13:52:41+00:00,OSULeaf,Image,1,MultiRocket,mrmr,100,200,242,6,49728,100,0.9297520661157025,0.926306543697848,0.69737,0.90971,8,0.754,12.526,0.012,3.303,1,cuda,16,NVIDIA A100-SXM4-80GB,gpu109-23-r,a100-reference
2026-09-07T13:53:00+00:00,OSULeaf,Image,1,MultiRocket,pca,100,200,242,6,49728,100,0.9256198347107438,0.9202616224355356,0.0,0.05667,8,0.754,12.526,17.182,1.736,1,cuda,16,NVIDIA A100-SXM4-80GB,gpu109-23-r,a100-reference
2026-09-07T13:53:30+00:00,PhalangesOutlinesCorrect,Image,1,MultiRocket,random,100,1800,858,2,49728,100,0.8508158508158508,0.8316688808465802,0.38565,0.02218,8,1.61,25.045,0.003,3.11,1,cuda,16,NVIDIA A100-SXM4-80GB,gpu109-23-r,a100-reference
2026-09-07T13:53:32+00:00,PhalangesOutlinesCorrect,Image,1,MultiRocket,mutual_info,100,1800,858,2,49728,100,0.8344988344988346,0.8133618122680837,0.41747,0.09589,8,1.61,25.045,0.003,2.031,1,cuda,16,NVIDIA A100-SXM4-80GB,gpu109-23-r,a100-reference
2026-09-07T13:53:35+00:00,PhalangesOutlinesCorrect,Image,1,MultiRocket,mrmr,100,1800,858,2,49728,100,0.8414918414918415,0.8190652343213156,0.13165,0.07948,8,1.61,25.045,0.247,2.154,1,cuda,16,NVIDIA A100-SXM4-80GB,gpu109-23-r,a100-reference
2026-09-07T13:54:05+00:00,PhalangesOutlinesCorrect,Image,1,MultiRocket,pca,100,1800,858,2,49728,100,0.8706293706293706,0.8544940217142334,0.0,0.01784,8,1.61,25.045,27.589,2.5,1,cuda,16,NVIDIA A100-SXM4-80GB,gpu109-23-r,a100-reference
2026-09-07T13:54:17+00:00,Strawberry,Spectro,1,MultiRocket,random,100,613,370,2,49728,100,0.9783783783783784,0.9764451235039471,0.36272,0.0986,8,0.597,10.31,0.005,1.173,1,cuda,16,NVIDIA A100-SXM4-80GB,gpu109-23-r,a100-reference
2026-09-07T13:54:20+00:00,Strawberry,Spectro,1,MultiRocket,mutual_info,100,613,370,2,49728,100,0.9594594594594594,0.9549910873440286,0.58389,0.36055,8,0.597,10.31,0.002,2.622,1,cuda,16,NVIDIA A100-SXM4-80GB,gpu109-23-r,a100-reference
2026-09-07T13:54:21+00:00,Strawberry,Spectro,1,MultiRocket,mrmr,100,613,370,2,49728,100,0.972972972972973,0.9705564043799337,0.20727,0.32043,8,0.597,10.31,0.135,1.019,1,cuda,16,NVIDIA A100-SXM4-80GB,gpu109-23-r,a100-reference
2026-09-07T13:54:38+00:00,Strawberry,Spectro,1,MultiRocket,pca,100,613,370,2,49728,100,0.9783783783783784,0.9781321619556913,0.0,0.04021,8,0.597,10.31,14.806,1.363,1,cuda,16,NVIDIA A100-SXM4-80GB,gpu109-23-r,a100-reference
2026-09-07T13:54:51+00:00,Worms,Motion,1,MultiRocket,random,100,181,77,5,49728,100,0.7272727272727273,0.6988228438228438,0.29278,0.24374,8,0.717,10.582,0.006,2.056,1,cuda,16,NVIDIA A100-SXM4-80GB,gpu109-23-r,a100-reference
2026-09-07T13:54:52+00:00,Worms,Motion,1,MultiRocket,mutual_info,100,181,77,5,49728,100,0.7532467532467533,0.7109440559440559,0.87757,0.54517,8,0.717,10.582,0.002,0.866,1,cuda,16,NVIDIA A100-SXM4-80GB,gpu109-23-r,a100-reference
2026-09-07T13:54:54+00:00,Worms,Motion,1,MultiRocket,mrmr,100,181,77,5,49728,100,0.7012987012987013,0.6494988344988345,0.47067,0.48369,8,0.717,10.582,0.044,1.245,1,cuda,16,NVIDIA A100-SXM4-80GB,gpu109-23-r,a100-reference
2026-09-07T13:55:07+00:00,Worms,Motion,1,MultiRocket,pca,100,181,77,5,49728,100,0.7402597402597403,0.7005594405594406,0.0,0.07967,8,0.717,10.582,12.369,1.171,1,cuda,16,NVIDIA A100-SXM4-80GB,gpu109-23-r,a100-reference
2026-09-07T13:55:17+00:00,WormsTwoClass,Motion,1,MultiRocket,random,100,181,77,2,49728,100,0.8051948051948052,0.7954545454545454,0.29537,0.05397,8,0.966,6.089,0.009,2.018,1,cuda,16,NVIDIA A100-SXM4-80GB,gpu109-23-r,a100-reference
2026-09-07T13:55:21+00:00,WormsTwoClass,Motion,1,MultiRocket,mutual_info,100,181,77,2,49728,100,0.8051948051948052,0.7954545454545454,0.42218,0.19495,8,0.966,6.089,0.003,3.937,1,cuda,16,NVIDIA A100-SXM4-80GB,gpu109-23-r,a100-reference
2026-09-07T13:55:26+00:00,WormsTwoClass,Motion,1,MultiRocket,mrmr,100,181,77,2,49728,100,0.8051948051948052,0.7992424242424243,0.17755,0.16425,8,0.966,6.089,0.026,5.406,1,cuda,16,NVIDIA A100-SXM4-80GB,gpu109-23-r,a100-reference
2026-09-07T13:55:43+00:00,WormsTwoClass,Motion,1,MultiRocket,pca,100,181,77,2,49728,100,0.8311688311688312,0.8181818181818181,0.0,0.03519,8,0.966,6.089,12.58,4.166,1,cuda,16,NVIDIA A100-SXM4-80GB,gpu109-23-r,a100-reference
2026-09-07T13:55:53+00:00,Earthquakes,Sensor,1,MultiRocket,random,100,322,139,2,49728,100,0.7482014388489209,0.5,0.23122,0.0244,8,1.273,7.26,0.001,0.942,1,cuda,16,NVIDIA A100-SXM4-80GB,gpu109-23-r,a100-reference
2026-09-07T13:55:54+00:00,Earthquakes,Sensor,1,MultiRocket,mutual_info,100,322,139,2,49728,100,0.7482014388489209,0.5,0.72022,0.09485,8,1.273,7.26,0.002,0.925,1,cuda,16,NVIDIA A100-SXM4-80GB,gpu109-23-r,a100-reference
2026-09-07T13:55:55+00:00,Earthquakes,Sensor,1,MultiRocket,mrmr,100,322,139,2,49728,100,0.7553956834532374,0.5332417582417582,0.19827,0.07111,8,1.273,7.26,0.076,1.05,1,cuda,16,NVIDIA A100-SXM4-80GB,gpu109-23-r,a100-reference
2026-09-07T13:56:09+00:00,Earthquakes,Sensor,1,MultiRocket,pca,100,322,139,2,49728,100,0.7482014388489209,0.5,0.0,0.0111,8,1.273,7.26,12.182,1.464,1,cuda,16,NVIDIA A100-SXM4-80GB,gpu109-23-r,a100-reference
2026-09-07T13:56:17+00:00,Computers,Device,1,MultiRocket,random,100,250,250,2,49728,100,0.872,0.872,0.279,0.07091,8,0.859,6.295,0.001,0.97,1,cuda,16,NVIDIA A100-SXM4-80GB,gpu109-23-r,a100-reference
2026-09-07T13:56:18+00:00,Computers,Device,1,MultiRocket,mutual_info,100,250,250,2,49728,100,0.848,0.848,0.3948,0.20954,8,0.859,6.295,0.002,0.9,1,cuda,16,NVIDIA A100-SXM4-80GB,gpu109-23-r,a100-reference
2026-09-07T13:56:22+00:00,Computers,Device,1,MultiRocket,mrmr,100,250,250,2,49728,100,0.852,0.852,0.2992,0.1966,8,0.859,6.295,0.013,4.097,1,cuda,16,NVIDIA A100-SXM4-80GB,gpu109-23-r,a100-reference
2026-09-07T13:56:40+00:00,Computers,Device,1,MultiRocket,pca,100,250,250,2,49728,100,0.828,0.828,0.0,0.01671,8,0.859,6.295,15.864,1.186,1,cuda,16,NVIDIA A100-SXM4-80GB,gpu109-23-r,a100-reference
2026-09-07T13:56:52+00:00,Haptics,Motion,1,MultiRocket,random,100,155,308,5,49728,100,0.5422077922077922,0.5427150102061289,0.19413,0.05913,8,1.054,9.904,0.004,1.093,1,cuda,16,NVIDIA A100-SXM4-80GB,gpu109-23-r,a100-reference
2026-09-07T13:56:53+00:00,Haptics,Motion,1,MultiRocket,mutual_info,100,155,308,5,49728,100,0.5357142857142857,0.5354806276187734,0.34364,0.26637,8,1.054,9.904,0.002,0.999,1,cuda,16,NVIDIA A100-SXM4-80GB,gpu109-23-r,a100-reference
2026-09-07T13:56:57+00:00,Haptics,Motion,1,MultiRocket,mrmr,100,155,308,5,49728,100,0.538961038961039,0.5392221479539765,0.14239,0.2325,8,1.054,9.904,0.031,3.885,1,cuda,16,NVIDIA A100-SXM4-80GB,gpu109-23-r,a100-reference
2026-09-07T13:57:16+00:00,Haptics,Motion,1,MultiRocket,pca,100,155,308,5,49728,100,0.5357142857142857,0.5363934927931936,0.0,0.02721,8,1.054,9.904,17.946,1.349,1,cuda,16,NVIDIA A100-SXM4-80GB,gpu109-23-r,a100-reference
2026-09-07T13:57:28+00:00,LargeKitchenAppliances,Device,1,MultiRocket,random,100,375,375,3,49728,100,0.9226666666666666,0.9226666666666666,0.25512,0.06622,8,0.992,9.151,0.005,1.287,1,cuda,16,NVIDIA A100-SXM4-80GB,gpu109-23-r,a100-reference
2026-09-07T13:57:29+00:00,LargeKitchenAppliances,Device,1,MultiRocket,mutual_info,100,375,375,3,49728,100,0.9253333333333333,0.9253333333333332,0.44049,0.3161,8,0.992,9.151,0.002,1.012,1,cuda,16,NVIDIA A100-SXM4-80GB,gpu109-23-r,a100-reference
2026-09-07T13:57:34+00:00,LargeKitchenAppliances,Device,1,MultiRocket,mrmr,100,375,375,3,49728,100,0.9386666666666666,0.9386666666666666,0.18215,0.27991,8,0.992,9.151,0.073,4.15,1,cuda,16,NVIDIA A100-SXM4-80GB,gpu109-23-r,a100-reference
2026-09-07T13:57:57+00:00,LargeKitchenAppliances,Device,1,MultiRocket,pca,100,375,375,3,49728,100,0.928,0.928,0.0,0.02677,8,0.992,9.151,19.138,4.289,1,cuda,16,NVIDIA A100-SXM4-80GB,gpu109-23-r,a100-reference
2026-09-07T13:58:10+00:00,RefrigerationDevices,Device,1,MultiRocket,random,100,375,375,3,49728,100,0.7626666666666667,0.7626666666666667,0.22102,0.0563,8,2.277,9.611,0.001,1.06,1,cuda,16,NVIDIA A100-SXM4-80GB,gpu109-23-r,a100-reference
2026-09-07T13:58:13+00:00,RefrigerationDevices,Device,1,MultiRocket,mutual_info,100,375,375,3,49728,100,0.7893333333333333,0.7893333333333333,0.54689,0.22644,8,2.277,9.611,0.002,1.925,1,cuda,16,NVIDIA A100-SXM4-80GB,gpu109-23-r,a100-reference
2026-09-07T13:58:14+00:00,RefrigerationDevices,Device,1,MultiRocket,mrmr,100,375,375,3,49728,100,0.76,0.7600000000000001,0.20858,0.18997,8,2.277,9.611,0.076,0.996,1,cuda,16,NVIDIA A100-SXM4-80GB,gpu109-23-r,a100-reference
2026-09-07T13:58:34+00:00,RefrigerationDevices,Device,1,MultiRocket,pca,100,375,375,3,49728,100,0.72,0.7200000000000001,0.0,0.02888,8,2.277,9.611,19.032,1.191,1,cuda,16,NVIDIA A100-SXM4-80GB,gpu109-23-r,a100-reference
2026-09-07T13:58:49+00:00,ScreenType,Device,1,MultiRocket,random,100,375,375,3,49728,100,0.712,0.7120000000000001,0.27543,0.05196,8,1.471,9.199,0.001,4.1,1,cuda,16,NVIDIA A100-SXM4-80GB,gpu109-23-r,a100-reference
2026-09-07T13:58:50+00:00,ScreenType,Device,1,MultiRocket,mutual_info,100,375,375,3,49728,100,0.6,0.6,0.8242,0.19736,8,1.471,9.199,0.002,0.999,1,cuda,16,NVIDIA A100-SXM4-80GB,gpu109-23-r,a100-reference
2026-09-07T13:58:52+00:00,ScreenType,Device,1,MultiRocket,mrmr,100,375,375,3,49728,100,0.688,0.6880000000000001,0.3977,0.1695,8,1.471,9.199,0.064,1.697,1,cuda,16,NVIDIA A100-SXM4-80GB,gpu109-23-r,a100-reference
2026-09-07T13:59:11+00:00,ScreenType,Device,1,MultiRocket,pca,100,375,375,3,49728,100,0.6373333333333333,0.6373333333333333,0.0,0.02125,8,1.471,9.199,17.504,1.536,1,cuda,16,NVIDIA A100-SXM4-80GB,gpu109-23-r,a100-reference
2026-09-07T13:59:24+00:00,SmallKitchenAppliances,Device,1,MultiRocket,random,100,375,375,3,49728,100,0.8693333333333333,0.8693333333333334,0.32361,0.29669,8,1.294,9.829,0.001,1.643,1,cuda,16,NVIDIA A100-SXM4-80GB,gpu109-23-r,a100-reference
2026-09-07T13:59:25+00:00,SmallKitchenAppliances,Device,1,MultiRocket,mutual_info,100,375,375,3,49728,100,0.7653333333333333,0.7653333333333333,0.90746,0.54182,8,1.294,9.829,0.002,0.916,1,cuda,16,NVIDIA A100-SXM4-80GB,gpu109-23-r,a100-reference
2026-09-07T13:59:27+00:00,SmallKitchenAppliances,Device,1,MultiRocket,mrmr,100,375,375,3,49728,100,0.8106666666666666,0.8106666666666666,0.42678,0.51292,8,1.294,9.829,0.063,1.483,1,cuda,16,NVIDIA A100-SXM4-80GB,gpu109-23-r,a100-reference
2026-09-07T13:59:43+00:00,SmallKitchenAppliances,Device,1,MultiRocket,pca,100,375,375,3,49728,100,0.8453333333333334,0.8453333333333334,0.0,0.03556,8,1.294,9.829,14.969,1.324,1,cuda,16,NVIDIA A100-SXM4-80GB,gpu109-23-r,a100-reference
2026-09-07T14:00:10+00:00,TwoPatterns,Simulated,1,MultiRocket,random,100,1000,4000,4,49728,100,0.9985,0.9985163204747775,0.15109,0.07863,8,4.545,18.504,0.007,3.181,1,cuda,16,NVIDIA A100-SXM4-80GB,gpu109-23-r,a100-reference
2026-09-07T14:00:13+00:00,TwoPatterns,Simulated,1,MultiRocket,mutual_info,100,1000,4000,4,49728,100,0.93725,0.9376742764266437,0.77902,0.80703,8,4.545,18.504,0.004,2.369,1,cuda,16,NVIDIA A100-SXM4-80GB,gpu109-23-r,a100-reference
2026-09-07T14:00:16+00:00,TwoPatterns,Simulated,1,MultiRocket,mrmr,100,1000,4000,4,49728,100,1.0,1.0,0.424,0.73683,8,4.545,18.504,0.15,2.654,1,cuda,16,NVIDIA A100-SXM4-80GB,gpu109-23-r,a100-reference
2026-09-07T14:00:38+00:00,TwoPatterns,Simulated,1,MultiRocket,pca,100,1000,4000,4,49728,100,1.0,1.0,0.0,0.03124,8,4.545,18.504,16.792,5.804,1,cuda,16,NVIDIA A100-SXM4-80GB,gpu109-23-r,a100-reference
2026-09-07T14:47:03+00:00,ECG5000,ECG,1,MultiRocket,random,100,500,4500,5,49728,100,0.9453333333333334,0.5569960056769319,0.30185,0.25723,8,3.323,2772.455,0.007,2.495,1,cuda,16,NVIDIA A100-SXM4-80GB,gpu109-23-r,a100-reference
2026-09-07T14:47:12+00:00,ECG5000,ECG,1,MultiRocket,mutual_info,100,500,4500,5,49728,100,0.9448888888888889,0.5468448546351259,0.61703,0.63425,8,3.323,2772.455,0.006,3.075,1,cuda,16,NVIDIA A100-SXM4-80GB,gpu109-23-r,a100-reference
2026-09-07T14:47:21+00:00,ECG5000,ECG,1,MultiRocket,mrmr,100,500,4500,5,49728,100,0.9444444444444444,0.541176620865093,0.23228,0.60032,8,3.323,2772.455,0.049,2.816,1,cuda,16,NVIDIA A100-SXM4-80GB,gpu109-23-r,a100-reference
2026-09-07T14:47:47+00:00,ECG5000,ECG,1,MultiRocket,pca,100,500,4500,5,49728,100,0.9435555555555556,0.5700401941928186,0.0,0.0367,8,3.323,2772.455,17.381,2.929,1,cuda,16,NVIDIA A100-SXM4-80GB,gpu109-23-r,a100-reference
2026-09-07T14:48:04+00:00,ChlorineConcentration,Sensor,1,MultiRocket,random,100,467,3840,3,49728,100,0.7078125,0.6214064574197563,0.38864,0.03135,8,4.147,10.755,0.003,2.319,1,cuda,16,NVIDIA A100-SXM4-80GB,gpu109-23-r,a100-reference
2026-09-07T14:48:07+00:00,ChlorineConcentration,Sensor,1,MultiRocket,mutual_info,100,467,3840,3,49728,100,0.7075520833333333,0.6175463000076125,0.3023,0.12986,8,4.147,10.755,0.004,2.29,1,cuda,16,NVIDIA A100-SXM4-80GB,gpu109-23-r,a100-reference
2026-09-07T14:48:10+00:00,ChlorineConcentration,Sensor,1,MultiRocket,mrmr,100,467,3840,3,49728,100,0.6666666666666666,0.5562634014564619,0.14389,0.11386,8,4.147,10.755,0.075,2.461,1,cuda,16,NVIDIA A100-SXM4-80GB,gpu109-23-r,a100-reference
2026-09-07T14:48:29+00:00,ChlorineConcentration,Sensor,1,MultiRocket,pca,100,467,3840,3,49728,100,0.7296875,0.6526493012204372,0.0,0.01858,8,4.147,10.755,16.568,2.469,1,cuda,16,NVIDIA A100-SXM4-80GB,gpu109-23-r,a100-reference
2026-09-07T14:48:40+00:00,FreezerRegularTrain,Sensor,1,MultiRocket,random,100,150,2850,2,49728,100,0.9975438596491228,0.9975438596491228,0.26247,0.14538,8,2.798,5.553,0.003,2.491,1,cuda,16,NVIDIA A100-SXM4-80GB,gpu109-23-r,a100-reference
2026-09-07T14:48:43+00:00,FreezerRegularTrain,Sensor,1,MultiRocket,mutual_info,100,150,2850,2,49728,100,0.9978947368421053,0.9978947368421053,0.65184,0.62535,8,2.798,5.553,0.003,2.76,1,cuda,16,NVIDIA A100-SXM4-80GB,gpu109-23-r,a100-reference
2026-09-07T14:48:48+00:00,FreezerRegularTrain,Sensor,1,MultiRocket,mrmr,100,150,2850,2,49728,100,0.9982456140350877,0.9982456140350877,0.38115,0.58895,8,2.798,5.553,0.08,5.384,1,cuda,16,NVIDIA A100-SXM4-80GB,gpu109-23-r,a100-reference
2026-09-07T14:49:09+00:00,FreezerRegularTrain,Sensor,1,MultiRocket,pca,100,150,2850,2,49728,100,0.9964912280701754,0.9964912280701754,0.0,0.03383,8,2.798,5.553,18.341,2.268,1,cuda,16,NVIDIA A100-SXM4-80GB,gpu109-23-r,a100-reference
2026-09-07T14:49:30+00:00,Wafer,Sensor,1,MultiRocket,random,100,1000,6164,2,49728,100,1.0,1.0,0.29245,0.05851,8,3.526,14.333,0.004,2.574,1,cuda,16,NVIDIA A100-SXM4-80GB,gpu109-23-r,a100-reference
2026-09-07T14:49:33+00:00,Wafer,Sensor,1,MultiRocket,mutual_info,100,1000,6164,2,49728,100,0.9998377676833226,0.9999090743771595,0.48535,0.27323,8,3.526,14.333,0.005,2.556,1,cuda,16,NVIDIA A100-SXM4-80GB,gpu109-23-r,a100-reference
2026-09-07T14:49:37+00:00,Wafer,Sensor,1,MultiRocket,mrmr,100,1000,6164,2,49728,100,1.0,1.0,0.21281,0.2371,8,3.526,14.333,0.137,3.695,1,cuda,16,NVIDIA A100-SXM4-80GB,gpu109-23-r,a100-reference
2026-09-07T14:50:00+00:00,Wafer,Sensor,1,MultiRocket,pca,100,1000,6164,2,49728,100,1.0,1.0,0.0,0.02423,8,3.526,14.333,17.603,5.87,1,cuda,16,NVIDIA A100-SXM4-80GB,gpu109-23-r,a100-reference
