timestamp,dataset,openml_id,n_rows,n_features,model,device,fold,seed,rmse,mae,r2,fit_time,predict_time,total_time,n_cpus,gpu_name,host,torch_version,notes
2026-07-26T19:26:35+00:00,concrete,44959,1030,8,tabpfn_v3,cuda,0,42,3.310971497469398,1.9672928119199142,0.9587750900798322,0.7524979785084724,0.7110501881688833,1.4635481666773558,8,NVIDIA A100-SXM4-80GB,gpu108-16-l,2.11.0+cu128,a100-reference
2026-07-26T19:26:36+00:00,concrete,44959,1030,8,tabpfn_v3,cuda,1,42,3.3789374603635016,2.0495285945233586,0.953620619551045,0.5785162234678864,0.44936031848192215,1.0278765419498086,8,NVIDIA A100-SXM4-80GB,gpu108-16-l,2.11.0+cu128,a100-reference
2026-07-26T19:26:37+00:00,concrete,44959,1030,8,tabpfn_v3,cuda,2,42,3.338252855436096,1.9285497613687277,0.9621024781799657,0.3983330111950636,0.44975869357585907,0.8480917047709227,8,NVIDIA A100-SXM4-80GB,gpu108-16-l,2.11.0+cu128,a100-reference
2026-07-26T19:26:38+00:00,concrete,44959,1030,8,tabpfn_v3,cuda,3,42,4.555465048979573,2.3935667732798067,0.9439216138817126,0.39717951230704784,0.45025693718343973,0.8474364494904876,8,NVIDIA A100-SXM4-80GB,gpu108-16-l,2.11.0+cu128,a100-reference
2026-07-26T19:26:39+00:00,concrete,44959,1030,8,tabpfn_v3,cuda,4,42,5.230908839773584,2.608205205943213,0.8950704169266883,0.4885827684774995,0.4496377371251583,0.9382205056026578,8,NVIDIA A100-SXM4-80GB,gpu108-16-l,2.11.0+cu128,a100-reference
2026-07-26T19:26:39+00:00,concrete,44959,1030,8,tabpfn_v3,cuda,5,42,2.1472607305169844,1.4021703603610505,0.9848502507336707,0.395733212120831,0.4516189284622669,0.8473521405830979,8,NVIDIA A100-SXM4-80GB,gpu108-16-l,2.11.0+cu128,a100-reference
2026-07-26T19:26:40+00:00,concrete,44959,1030,8,tabpfn_v3,cuda,6,42,3.6375866043244356,1.7946109914783606,0.9561780579152619,0.4305319180712104,0.4546400774270296,0.88517199549824,8,NVIDIA A100-SXM4-80GB,gpu108-16-l,2.11.0+cu128,a100-reference
2026-07-26T19:26:42+00:00,concrete,44959,1030,8,tabpfn_v3,cuda,7,42,3.1356927559207777,2.0322850106341304,0.962234739450403,0.717663967050612,0.5044769020751119,1.2221408691257238,8,NVIDIA A100-SXM4-80GB,gpu108-16-l,2.11.0+cu128,a100-reference
2026-07-26T19:26:42+00:00,concrete,44959,1030,8,tabpfn_v3,cuda,8,42,3.0177342310275344,1.97270828750954,0.9626262061092509,0.4153463616967201,0.496185059659183,0.9115314213559031,8,NVIDIA A100-SXM4-80GB,gpu108-16-l,2.11.0+cu128,a100-reference
2026-07-26T19:26:43+00:00,concrete,44959,1030,8,tabpfn_v3,cuda,9,42,3.118777053387416,1.8678659446025225,0.9571507153628591,0.4089339803904295,0.49698696192353964,0.9059209423139691,8,NVIDIA A100-SXM4-80GB,gpu108-16-l,2.11.0+cu128,a100-reference
2026-07-26T19:26:43+00:00,concrete,44959,1030,8,xgb_default,cpu,0,42,4.304719111482671,2.8599626612988547,0.9303151342113263,0.058477370999753475,0.001119556836783886,0.05959692783653736,8,NVIDIA A100-SXM4-80GB,gpu108-16-l,2.11.0+cu128,a100-reference
2026-07-26T19:26:43+00:00,concrete,44959,1030,8,xgb_default,cpu,1,42,3.8954232405163975,2.5648459795407663,0.938358395086383,0.05824997462332249,0.0008121505379676819,0.05906212516129017,8,NVIDIA A100-SXM4-80GB,gpu108-16-l,2.11.0+cu128,a100-reference
2026-07-26T19:26:44+00:00,concrete,44959,1030,8,xgb_default,cpu,2,42,4.464783298778806,2.7143726501161787,0.9322088309542886,0.05929509270936251,0.0010121455416083336,0.06030723825097084,8,NVIDIA A100-SXM4-80GB,gpu108-16-l,2.11.0+cu128,a100-reference
2026-07-26T19:26:44+00:00,concrete,44959,1030,8,xgb_default,cpu,3,42,4.800641314640548,2.997724240008849,0.9377228706801981,0.05575344804674387,0.000851314514875412,0.05660476256161928,8,NVIDIA A100-SXM4-80GB,gpu108-16-l,2.11.0+cu128,a100-reference
2026-07-26T19:26:44+00:00,concrete,44959,1030,8,xgb_default,cpu,4,42,5.31811522062144,2.862216419223314,0.8915426150231117,0.06268781796097755,0.0010484233498573303,0.06373624131083488,8,NVIDIA A100-SXM4-80GB,gpu108-16-l,2.11.0+cu128,a100-reference
2026-07-26T19:26:44+00:00,concrete,44959,1030,8,xgb_default,cpu,5,42,3.522433024954442,2.5144455203290503,0.9592318156445498,0.05850037280470133,0.0008561145514249802,0.05935648735612631,8,NVIDIA A100-SXM4-80GB,gpu108-16-l,2.11.0+cu128,a100-reference
2026-07-26T19:26:44+00:00,concrete,44959,1030,8,xgb_default,cpu,6,42,3.654082134744738,2.564283636830894,0.9557797140325113,0.05635655764490366,0.0008535990491509438,0.057210156694054604,8,NVIDIA A100-SXM4-80GB,gpu108-16-l,2.11.0+cu128,a100-reference
2026-07-26T19:26:44+00:00,concrete,44959,1030,8,xgb_default,cpu,7,42,4.638905970800814,3.087550581051526,0.9173473810795513,0.05580816138535738,0.0008433200418949127,0.05665148142725229,8,NVIDIA A100-SXM4-80GB,gpu108-16-l,2.11.0+cu128,a100-reference
2026-07-26T19:26:44+00:00,concrete,44959,1030,8,xgb_default,cpu,8,42,3.4140014297813694,2.3598654742547733,0.9521664509300196,0.059780712239444256,0.0009333780035376549,0.06071409024298191,8,NVIDIA A100-SXM4-80GB,gpu108-16-l,2.11.0+cu128,a100-reference
2026-07-26T19:26:44+00:00,concrete,44959,1030,8,xgb_default,cpu,9,42,3.9675711221532275,2.5747246069027065,0.9306535303363882,0.057432453148067,0.0008810609579086304,0.05831351410597563,8,NVIDIA A100-SXM4-80GB,gpu108-16-l,2.11.0+cu128,a100-reference
2026-07-26T19:27:00+00:00,concrete,44959,1030,8,xgb_tuned,cpu,0,42,4.076480572870526,2.9329896995984335,0.9375086963087921,15.749830967746675,0.000865742564201355,15.750696710310876,8,NVIDIA A100-SXM4-80GB,gpu108-16-l,2.11.0+cu128,a100-reference
2026-07-26T19:27:15+00:00,concrete,44959,1030,8,xgb_tuned,cpu,1,42,3.8840790833110033,2.3731134788154646,0.9387168946957183,15.727294522337615,0.0008040359243750572,15.72809855826199,8,NVIDIA A100-SXM4-80GB,gpu108-16-l,2.11.0+cu128,a100-reference
2026-07-26T19:27:29+00:00,concrete,44959,1030,8,xgb_tuned,cpu,2,42,4.104841184514293,2.380530688439364,0.9426986213053479,13.347220167517662,0.0019621048122644424,13.349182272329926,8,NVIDIA A100-SXM4-80GB,gpu108-16-l,2.11.0+cu128,a100-reference
2026-07-26T19:27:45+00:00,concrete,44959,1030,8,xgb_tuned,cpu,3,42,4.798481562545049,2.8885177531112722,0.9377788935721583,16.559056798927486,0.001531769521534443,16.56058856844902,8,NVIDIA A100-SXM4-80GB,gpu108-16-l,2.11.0+cu128,a100-reference
2026-07-26T19:28:03+00:00,concrete,44959,1030,8,xgb_tuned,cpu,4,42,5.026028296106126,2.807932133356255,0.9031290625054043,18.037289979867637,0.0016900962218642235,18.0389800760895,8,NVIDIA A100-SXM4-80GB,gpu108-16-l,2.11.0+cu128,a100-reference
2026-07-26T19:28:18+00:00,concrete,44959,1030,8,xgb_tuned,cpu,5,42,3.1971672649326495,2.351723143996531,0.9664133570770442,14.356063902378082,0.0009828610345721245,14.357046763412654,8,NVIDIA A100-SXM4-80GB,gpu108-16-l,2.11.0+cu128,a100-reference
2026-07-26T19:28:31+00:00,concrete,44959,1030,8,xgb_tuned,cpu,6,42,3.309459369212059,2.2072019922656265,0.9637273701653652,13.472294089384377,0.0021910034120082855,13.474485092796385,8,NVIDIA A100-SXM4-80GB,gpu108-16-l,2.11.0+cu128,a100-reference
2026-07-26T19:28:44+00:00,concrete,44959,1030,8,xgb_tuned,cpu,7,42,3.68155114472643,2.5349230150766036,0.9479420386976731,12.44734741654247,0.0013161245733499527,12.44866354111582,8,NVIDIA A100-SXM4-80GB,gpu108-16-l,2.11.0+cu128,a100-reference
2026-07-26T19:28:59+00:00,concrete,44959,1030,8,xgb_tuned,cpu,8,42,3.470084048558961,2.4022735214950743,0.9505819965229348,15.627287939190865,0.0018473407253623009,15.629135279916227,8,NVIDIA A100-SXM4-80GB,gpu108-16-l,2.11.0+cu128,a100-reference
2026-07-26T19:29:10+00:00,concrete,44959,1030,8,xgb_tuned,cpu,9,42,3.596877529799498,2.6487865490538365,0.9430063833471373,10.957457168959081,0.0007917433977127075,10.958248912356794,8,NVIDIA A100-SXM4-80GB,gpu108-16-l,2.11.0+cu128,a100-reference
2026-07-26T19:29:10+00:00,concrete,44959,1030,8,lgbm_default,cpu,0,42,4.109297234476344,2.9998360262565567,0.9364985060369276,0.05589795857667923,0.0007656645029783249,0.056663623079657555,8,NVIDIA A100-SXM4-80GB,gpu108-16-l,2.11.0+cu128,a100-reference
2026-07-26T19:29:10+00:00,concrete,44959,1030,8,lgbm_default,cpu,1,42,4.584928653676783,3.0580510820562288,0.9146055197466656,0.054335942491889,0.0006469618529081345,0.054982904344797134,8,NVIDIA A100-SXM4-80GB,gpu108-16-l,2.11.0+cu128,a100-reference
2026-07-26T19:29:10+00:00,concrete,44959,1030,8,lgbm_default,cpu,2,42,4.818325874767049,2.795153664635552,0.9210477172303875,0.05465327575802803,0.0006614793092012405,0.05531475506722927,8,NVIDIA A100-SXM4-80GB,gpu108-16-l,2.11.0+cu128,a100-reference
2026-07-26T19:29:11+00:00,concrete,44959,1030,8,lgbm_default,cpu,3,42,4.870010907341515,3.161877869394753,0.93591004944994,0.05435109976679087,0.0006787925958633423,0.05502989236265421,8,NVIDIA A100-SXM4-80GB,gpu108-16-l,2.11.0+cu128,a100-reference
2026-07-26T19:29:11+00:00,concrete,44959,1030,8,lgbm_default,cpu,4,42,5.4889621594880165,3.1209291978619333,0.8844621936071074,0.054308450780808926,0.0006582224741578102,0.054966673254966736,8,NVIDIA A100-SXM4-80GB,gpu108-16-l,2.11.0+cu128,a100-reference
2026-07-26T19:29:11+00:00,concrete,44959,1030,8,lgbm_default,cpu,5,42,3.4792653580105686,2.4289826420433807,0.9602249267934315,0.05345646385103464,0.0006607379764318466,0.05411720182746649,8,NVIDIA A100-SXM4-80GB,gpu108-16-l,2.11.0+cu128,a100-reference
2026-07-26T19:29:11+00:00,concrete,44959,1030,8,lgbm_default,cpu,6,42,4.016986727679436,2.814902398544537,0.9465600884808094,0.05450564995408058,0.0006521409377455711,0.05515779089182615,8,NVIDIA A100-SXM4-80GB,gpu108-16-l,2.11.0+cu128,a100-reference
2026-07-26T19:29:11+00:00,concrete,44959,1030,8,lgbm_default,cpu,7,42,4.3598598723372435,3.1231487787206675,0.9269919847531594,0.05495619401335716,0.0006556380540132523,0.055611832067370415,8,NVIDIA A100-SXM4-80GB,gpu108-16-l,2.11.0+cu128,a100-reference
2026-07-26T19:29:11+00:00,concrete,44959,1030,8,lgbm_default,cpu,8,42,3.5958142526333434,2.7033470202098906,0.9469360339125896,0.05462019331753254,0.0006547961384057999,0.05527498945593834,8,NVIDIA A100-SXM4-80GB,gpu108-16-l,2.11.0+cu128,a100-reference
2026-07-26T19:29:11+00:00,concrete,44959,1030,8,lgbm_default,cpu,9,42,3.5894878686721046,2.582486968994237,0.9432403256357084,0.0539517430588603,0.0006479248404502869,0.05459966789931059,8,NVIDIA A100-SXM4-80GB,gpu108-16-l,2.11.0+cu128,a100-reference
2026-07-26T19:29:18+00:00,concrete,44959,1030,8,lgbm_tuned,cpu,0,42,3.6299832127460845,2.5448471289894683,0.9504483564110746,7.012288854457438,0.0009293006733059883,7.013218155130744,8,NVIDIA A100-SXM4-80GB,gpu108-16-l,2.11.0+cu128,a100-reference
2026-07-26T19:29:26+00:00,concrete,44959,1030,8,lgbm_tuned,cpu,1,42,3.5786300051425477,2.545199625325904,0.9479766597308643,8.625514823012054,0.0015384918078780174,8.627053314819932,8,NVIDIA A100-SXM4-80GB,gpu108-16-l,2.11.0+cu128,a100-reference
2026-07-26T19:29:34+00:00,concrete,44959,1030,8,lgbm_tuned,cpu,2,42,3.7713683677272236,2.4404979631659085,0.9516306488495072,7.832698279060423,0.0006290078163146973,7.833327286876738,8,NVIDIA A100-SXM4-80GB,gpu108-16-l,2.11.0+cu128,a100-reference
2026-07-26T19:29:44+00:00,concrete,44959,1030,8,lgbm_tuned,cpu,3,42,4.116252099528641,2.6097420398399827,0.9542138634495182,9.187301894649863,0.0011040885001420975,9.188405983150005,8,NVIDIA A100-SXM4-80GB,gpu108-16-l,2.11.0+cu128,a100-reference
2026-07-26T19:29:54+00:00,concrete,44959,1030,8,lgbm_tuned,cpu,4,42,5.334441649425847,2.9953916285562725,0.890875672045119,10.727716973051429,0.0018225442618131638,10.729539517313242,8,NVIDIA A100-SXM4-80GB,gpu108-16-l,2.11.0+cu128,a100-reference
2026-07-26T19:30:03+00:00,concrete,44959,1030,8,lgbm_tuned,cpu,5,42,2.7424075630490123,1.9601252002007923,0.9752884562129451,8.755056202411652,0.0012554321438074112,8.756311634555459,8,NVIDIA A100-SXM4-80GB,gpu108-16-l,2.11.0+cu128,a100-reference
2026-07-26T19:30:11+00:00,concrete,44959,1030,8,lgbm_tuned,cpu,6,42,3.5691826150063597,2.3501291918040503,0.9578106849445192,8.478504593484104,0.0020030420273542404,8.480507635511458,8,NVIDIA A100-SXM4-80GB,gpu108-16-l,2.11.0+cu128,a100-reference
2026-07-26T19:30:21+00:00,concrete,44959,1030,8,lgbm_tuned,cpu,7,42,3.5858327695363266,2.4100606754373226,0.9506138076645226,9.075469202362001,0.002301339991390705,9.077770542353392,8,NVIDIA A100-SXM4-80GB,gpu108-16-l,2.11.0+cu128,a100-reference
2026-07-26T19:30:29+00:00,concrete,44959,1030,8,lgbm_tuned,cpu,8,42,3.548926498566248,2.479237012441684,0.9483108706012661,8.360528622753918,0.0013117371127009392,8.361840359866619,8,NVIDIA A100-SXM4-80GB,gpu108-16-l,2.11.0+cu128,a100-reference
2026-07-26T19:30:36+00:00,concrete,44959,1030,8,lgbm_tuned,cpu,9,42,3.5095168937112544,2.63830644550684,0.9457412742791516,6.799417236819863,0.0006770286709070206,6.80009426549077,8,NVIDIA A100-SXM4-80GB,gpu108-16-l,2.11.0+cu128,a100-reference
2026-07-26T19:30:36+00:00,concrete,44959,1030,8,xgb_default_gpu,cuda,0,42,4.304718844851025,2.85996395292572,0.9303151428438012,0.13162013702094555,0.005683787167072296,0.13730392418801785,8,NVIDIA A100-SXM4-80GB,gpu108-16-l,2.11.0+cu128,a100-reference
2026-07-26T19:30:36+00:00,concrete,44959,1030,8,xgb_default_gpu,cuda,1,42,3.8954217878993096,2.564846331381776,0.9383584410591189,0.12478312943130732,0.0027656005695462227,0.12754873000085354,8,NVIDIA A100-SXM4-80GB,gpu108-16-l,2.11.0+cu128,a100-reference
2026-07-26T19:30:36+00:00,concrete,44959,1030,8,xgb_default_gpu,cuda,2,42,4.464783900920282,2.714372742705918,0.9322088126690217,0.1145488303154707,0.002652868628501892,0.11720169894397259,8,NVIDIA A100-SXM4-80GB,gpu108-16-l,2.11.0+cu128,a100-reference
2026-07-26T19:30:36+00:00,concrete,44959,1030,8,xgb_default_gpu,cuda,3,42,4.800642361808699,2.9977252492370092,0.9377228435110642,0.1115878140553832,0.0026791980490088463,0.11426701210439205,8,NVIDIA A100-SXM4-80GB,gpu108-16-l,2.11.0+cu128,a100-reference
2026-07-26T19:30:36+00:00,concrete,44959,1030,8,xgb_default_gpu,cuda,4,42,5.3181146492663895,2.8622151970387533,0.891542638327485,0.11216492485255003,0.002710377797484398,0.11487530265003443,8,NVIDIA A100-SXM4-80GB,gpu108-16-l,2.11.0+cu128,a100-reference
2026-07-26T19:30:36+00:00,concrete,44959,1030,8,xgb_default_gpu,cuda,5,42,3.5224345160468666,2.514445376814954,0.9592317811291208,0.11224529426544905,0.002689097076654434,0.11493439134210348,8,NVIDIA A100-SXM4-80GB,gpu108-16-l,2.11.0+cu128,a100-reference
2026-07-26T19:30:37+00:00,concrete,44959,1030,8,xgb_default_gpu,cuda,6,42,3.6540827282650556,2.564283784974477,0.9557796996674043,0.11182929668575525,0.002659461461007595,0.11448875814676285,8,NVIDIA A100-SXM4-80GB,gpu108-16-l,2.11.0+cu128,a100-reference
2026-07-26T19:30:37+00:00,concrete,44959,1030,8,xgb_default_gpu,cuda,7,42,4.638904710757127,3.0875504421669167,0.9173474259806108,0.11147928051650524,0.0026495829224586487,0.11412886343896389,8,NVIDIA A100-SXM4-80GB,gpu108-16-l,2.11.0+cu128,a100-reference
2026-07-26T19:30:37+00:00,concrete,44959,1030,8,xgb_default_gpu,cuda,8,42,3.4140000896380065,2.3598659464624445,0.95216648848349,0.11076149623841047,0.0026486320421099663,0.11341012828052044,8,NVIDIA A100-SXM4-80GB,gpu108-16-l,2.11.0+cu128,a100-reference
2026-07-26T19:30:37+00:00,concrete,44959,1030,8,xgb_default_gpu,cuda,9,42,3.967574908411652,2.5747243754283575,0.9306533979814676,0.1130052087828517,0.002710948698222637,0.11571615748107433,8,NVIDIA A100-SXM4-80GB,gpu108-16-l,2.11.0+cu128,a100-reference
2026-07-26T20:11:37+00:00,white_wine,44971,4898,11,tabpfn_v3,cuda,0,42,0.5468606084890772,0.3478775467191424,0.6270356393297238,0.47083641681820154,0.782993208616972,1.2538296254351735,8,NVIDIA A100-SXM4-80GB,gpu108-16-l,2.11.0+cu128,a100-reference
2026-07-26T20:11:38+00:00,white_wine,44971,4898,11,tabpfn_v3,cuda,1,42,0.5318697037915917,0.3383786512880909,0.6202764024347067,0.43917136546224356,0.7491394346579909,1.1883108001202345,8,NVIDIA A100-SXM4-80GB,gpu108-16-l,2.11.0+cu128,a100-reference
2026-07-26T20:11:39+00:00,white_wine,44971,4898,11,tabpfn_v3,cuda,2,42,0.5430995508370062,0.33604842594691686,0.5880328959549879,0.4169842256233096,0.7471569562330842,1.1641411818563938,8,NVIDIA A100-SXM4-80GB,gpu108-16-l,2.11.0+cu128,a100-reference
2026-07-26T20:11:41+00:00,white_wine,44971,4898,11,tabpfn_v3,cuda,3,42,0.526591627635812,0.33672342786983567,0.6278732588180952,0.41368007007986307,0.854406451806426,1.2680865218862891,8,NVIDIA A100-SXM4-80GB,gpu108-16-l,2.11.0+cu128,a100-reference
2026-07-26T20:11:42+00:00,white_wine,44971,4898,11,tabpfn_v3,cuda,4,42,0.5496124753778163,0.35054839581859354,0.640496979210724,0.42423157300800085,0.7476949132978916,1.1719264863058925,8,NVIDIA A100-SXM4-80GB,gpu108-16-l,2.11.0+cu128,a100-reference
2026-07-26T20:11:43+00:00,white_wine,44971,4898,11,tabpfn_v3,cuda,5,42,0.5779304439104752,0.3581952494017932,0.5666205665709021,0.41597619839012623,0.76101019885391,1.1769863972440362,8,NVIDIA A100-SXM4-80GB,gpu108-16-l,2.11.0+cu128,a100-reference
2026-07-26T20:11:44+00:00,white_wine,44971,4898,11,tabpfn_v3,cuda,6,42,0.5263148879001215,0.33173463052632857,0.6731544828949048,0.42167283222079277,0.7509319419041276,1.1726047741249204,8,NVIDIA A100-SXM4-80GB,gpu108-16-l,2.11.0+cu128,a100-reference
2026-07-26T20:11:45+00:00,white_wine,44971,4898,11,tabpfn_v3,cuda,7,42,0.5883679867058091,0.37791934402621524,0.54516462777353,0.41532342601567507,0.7483101841062307,1.1636336101219058,8,NVIDIA A100-SXM4-80GB,gpu108-16-l,2.11.0+cu128,a100-reference
2026-07-26T20:11:47+00:00,white_wine,44971,4898,11,tabpfn_v3,cuda,8,42,0.6058454678063198,0.39303876529685805,0.5240599333431512,0.4173601595684886,0.7503166599199176,1.1676768194884062,8,NVIDIA A100-SXM4-80GB,gpu108-16-l,2.11.0+cu128,a100-reference
2026-07-26T20:11:48+00:00,white_wine,44971,4898,11,tabpfn_v3,cuda,9,42,0.5952131656923059,0.35401029528284367,0.5719148633165113,0.4148610197007656,0.7491321740671992,1.1639931937679648,8,NVIDIA A100-SXM4-80GB,gpu108-16-l,2.11.0+cu128,a100-reference
2026-07-26T20:11:48+00:00,white_wine,44971,4898,11,xgb_default,cpu,0,42,0.6231393238241835,0.44760583176904795,0.5157335650825408,0.06729845609515905,0.0008018212392926216,0.06810027733445168,8,NVIDIA A100-SXM4-80GB,gpu108-16-l,2.11.0+cu128,a100-reference
2026-07-26T20:11:48+00:00,white_wine,44971,4898,11,xgb_default,cpu,1,42,0.5899361161860952,0.421548081417473,0.5328384932800305,0.06596552953124046,0.0006224848330020905,0.06658801436424255,8,NVIDIA A100-SXM4-80GB,gpu108-16-l,2.11.0+cu128,a100-reference
2026-07-26T20:11:48+00:00,white_wine,44971,4898,11,xgb_default,cpu,2,42,0.5962008763058674,0.42085482587619705,0.5035347318205814,0.06630619801580906,0.000622856430709362,0.06692905444651842,8,NVIDIA A100-SXM4-80GB,gpu108-16-l,2.11.0+cu128,a100-reference
2026-07-26T20:11:48+00:00,white_wine,44971,4898,11,xgb_default,cpu,3,42,0.5875746745548703,0.4209567858248341,0.5366927275224092,0.06622351426631212,0.0006140796467661858,0.06683759391307831,8,NVIDIA A100-SXM4-80GB,gpu108-16-l,2.11.0+cu128,a100-reference
2026-07-26T20:11:48+00:00,white_wine,44971,4898,11,xgb_default,cpu,4,42,0.6149792109446942,0.43708923106290853,0.549898718096669,0.06423419993370771,0.0006045112386345863,0.0648387111723423,8,NVIDIA A100-SXM4-80GB,gpu108-16-l,2.11.0+cu128,a100-reference
2026-07-26T20:11:48+00:00,white_wine,44971,4898,11,xgb_default,cpu,5,42,0.6441054067642904,0.4513961023213912,0.46169174259624524,0.06565265543758869,0.000616053119301796,0.06626870855689049,8,NVIDIA A100-SXM4-80GB,gpu108-16-l,2.11.0+cu128,a100-reference
2026-07-26T20:11:48+00:00,white_wine,44971,4898,11,xgb_default,cpu,6,42,0.612027158190556,0.4404431240899222,0.5580301839838508,0.0650591840967536,0.0006153415888547897,0.06567452568560839,8,NVIDIA A100-SXM4-80GB,gpu108-16-l,2.11.0+cu128,a100-reference
2026-07-26T20:11:48+00:00,white_wine,44971,4898,11,xgb_default,cpu,7,42,0.6375332754044387,0.44702830703891056,0.4659746449498272,0.06598121020942926,0.0006333142518997192,0.06661452446132898,8,NVIDIA A100-SXM4-80GB,gpu108-16-l,2.11.0+cu128,a100-reference
2026-07-26T20:11:48+00:00,white_wine,44971,4898,11,xgb_default,cpu,8,42,0.6736451301140081,0.47235998785568895,0.41157530699677514,0.06555071473121643,0.0006629014387726784,0.06621361616998911,8,NVIDIA A100-SXM4-80GB,gpu108-16-l,2.11.0+cu128,a100-reference
2026-07-26T20:11:48+00:00,white_wine,44971,4898,11,xgb_default,cpu,9,42,0.6536951535152126,0.45675450648754407,0.4836601769578738,0.06574546918272972,0.0006284872069954872,0.06637395638972521,8,NVIDIA A100-SXM4-80GB,gpu108-16-l,2.11.0+cu128,a100-reference
2026-07-26T20:12:04+00:00,white_wine,44971,4898,11,xgb_tuned,cpu,0,42,0.5916547929685128,0.3816074429726114,0.563433079458181,15.832954059354961,0.001120537519454956,15.834074596874416,8,NVIDIA A100-SXM4-80GB,gpu108-16-l,2.11.0+cu128,a100-reference
2026-07-26T20:12:19+00:00,white_wine,44971,4898,11,xgb_tuned,cpu,1,42,0.5560752868587262,0.387566496401417,0.5849272043245671,15.100976901128888,0.001664566807448864,15.102641467936337,8,NVIDIA A100-SXM4-80GB,gpu108-16-l,2.11.0+cu128,a100-reference
2026-07-26T20:12:35+00:00,white_wine,44971,4898,11,xgb_tuned,cpu,2,42,0.5671242721263448,0.3795140027999878,0.5507789267190357,15.352513348683715,0.0015378091484308243,15.354051157832146,8,NVIDIA A100-SXM4-80GB,gpu108-16-l,2.11.0+cu128,a100-reference
2026-07-26T20:12:48+00:00,white_wine,44971,4898,11,xgb_tuned,cpu,3,42,0.5572085918959788,0.3917007037571498,0.5833430899788944,13.08343905583024,0.0022584982216358185,13.085697554051876,8,NVIDIA A100-SXM4-80GB,gpu108-16-l,2.11.0+cu128,a100-reference
2026-07-26T20:12:59+00:00,white_wine,44971,4898,11,xgb_tuned,cpu,4,42,0.5659377513912408,0.39202725352073203,0.6188229805854386,10.678528157062829,0.0020941300317645073,10.680622287094593,8,NVIDIA A100-SXM4-80GB,gpu108-16-l,2.11.0+cu128,a100-reference
2026-07-26T20:13:17+00:00,white_wine,44971,4898,11,xgb_tuned,cpu,5,42,0.5950991364440893,0.38882181449812286,0.5404891267732008,18.456638232804835,0.003117716871201992,18.459755949676037,8,NVIDIA A100-SXM4-80GB,gpu108-16-l,2.11.0+cu128,a100-reference
2026-07-26T20:13:35+00:00,white_wine,44971,4898,11,xgb_tuned,cpu,6,42,0.5583728680593599,0.37660890598686375,0.6321253710306751,17.95684946514666,0.0028364798054099083,17.95968594495207,8,NVIDIA A100-SXM4-80GB,gpu108-16-l,2.11.0+cu128,a100-reference
2026-07-26T20:13:49+00:00,white_wine,44971,4898,11,xgb_tuned,cpu,7,42,0.6089971941548811,0.4076176964506811,0.5127108445532575,13.939414512366056,0.0013444563373923302,13.940758968703449,8,NVIDIA A100-SXM4-80GB,gpu108-16-l,2.11.0+cu128,a100-reference
2026-07-26T20:14:07+00:00,white_wine,44971,4898,11,xgb_tuned,cpu,8,42,0.6260821177899827,0.42940207931893004,0.49173390565298725,17.889355294406414,0.0017660856246948242,17.89112138003111,8,NVIDIA A100-SXM4-80GB,gpu108-16-l,2.11.0+cu128,a100-reference
2026-07-26T20:14:21+00:00,white_wine,44971,4898,11,xgb_tuned,cpu,9,42,0.6257583136156304,0.41072880953611285,0.5268505411147699,14.11235365178436,0.00278434157371521,14.115137993358076,8,NVIDIA A100-SXM4-80GB,gpu108-16-l,2.11.0+cu128,a100-reference
2026-07-26T20:14:21+00:00,white_wine,44971,4898,11,lgbm_default,cpu,0,42,0.6217491525578628,0.4748739265744803,0.5178918700276252,0.057587462477386,0.0009920066222548485,0.058579469099640846,8,NVIDIA A100-SXM4-80GB,gpu108-16-l,2.11.0+cu128,a100-reference
2026-07-26T20:14:21+00:00,white_wine,44971,4898,11,lgbm_default,cpu,1,42,0.6195221787002819,0.4749615213843251,0.48480599796856505,0.057504295371472836,0.0009033018723130226,0.05840759724378586,8,NVIDIA A100-SXM4-80GB,gpu108-16-l,2.11.0+cu128,a100-reference
2026-07-26T20:14:21+00:00,white_wine,44971,4898,11,lgbm_default,cpu,2,42,0.6060734021436069,0.4472736795372497,0.4869566039062222,0.05709489993751049,0.0009015779942274094,0.0579964779317379,8,NVIDIA A100-SXM4-80GB,gpu108-16-l,2.11.0+cu128,a100-reference
2026-07-26T20:14:21+00:00,white_wine,44971,4898,11,lgbm_default,cpu,3,42,0.6285971255059626,0.4900111261696515,0.4697413505708513,0.05700088292360306,0.0008965376764535904,0.05789742060005665,8,NVIDIA A100-SXM4-80GB,gpu108-16-l,2.11.0+cu128,a100-reference
2026-07-26T20:14:21+00:00,white_wine,44971,4898,11,lgbm_default,cpu,4,42,0.6216481400985748,0.4738697902237429,0.5400838530712883,0.05696003790944815,0.0009013582020998001,0.05786139611154795,8,NVIDIA A100-SXM4-80GB,gpu108-16-l,2.11.0+cu128,a100-reference
2026-07-26T20:14:21+00:00,white_wine,44971,4898,11,lgbm_default,cpu,5,42,0.6454228885430604,0.48712671062856894,0.4594873312089569,0.05629048403352499,0.0008866693824529648,0.057177153415977955,8,NVIDIA A100-SXM4-80GB,gpu108-16-l,2.11.0+cu128,a100-reference
2026-07-26T20:14:21+00:00,white_wine,44971,4898,11,lgbm_default,cpu,6,42,0.6176240828306307,0.4694221136839047,0.5499096865337197,0.05708210449665785,0.0009051943197846413,0.05798729881644249,8,NVIDIA A100-SXM4-80GB,gpu108-16-l,2.11.0+cu128,a100-reference
2026-07-26T20:14:21+00:00,white_wine,44971,4898,11,lgbm_default,cpu,7,42,0.6536935351179618,0.498623712628681,0.4385584591909324,0.05679192207753658,0.0009114053100347519,0.057703327387571335,8,NVIDIA A100-SXM4-80GB,gpu108-16-l,2.11.0+cu128,a100-reference
2026-07-26T20:14:21+00:00,white_wine,44971,4898,11,lgbm_default,cpu,8,42,0.6534761867423785,0.4999714026913567,0.44628272545642156,0.05776598583906889,0.0008844556286931038,0.05865044146776199,8,NVIDIA A100-SXM4-80GB,gpu108-16-l,2.11.0+cu128,a100-reference
2026-07-26T20:14:21+00:00,white_wine,44971,4898,11,lgbm_default,cpu,9,42,0.68421538215931,0.5013251403864457,0.4343200857619416,0.057349856942892075,0.0008600307628512383,0.05820988770574331,8,NVIDIA A100-SXM4-80GB,gpu108-16-l,2.11.0+cu128,a100-reference
2026-07-26T20:14:38+00:00,white_wine,44971,4898,11,lgbm_tuned,cpu,0,42,0.580468726289518,0.39683889005098566,0.5797848519264802,16.17178998887539,0.0043172817677259445,16.176107270643115,8,NVIDIA A100-SXM4-80GB,gpu108-16-l,2.11.0+cu128,a100-reference
2026-07-26T20:14:49+00:00,white_wine,44971,4898,11,lgbm_tuned,cpu,1,42,0.5583144706940395,0.38533039464196106,0.5815776737749618,11.486860127188265,0.0044927820563316345,11.491352909244597,8,NVIDIA A100-SXM4-80GB,gpu108-16-l,2.11.0+cu128,a100-reference
2026-07-26T20:15:04+00:00,white_wine,44971,4898,11,lgbm_tuned,cpu,2,42,0.5542143360862111,0.36469655043129556,0.5709981522895351,15.171966151334345,0.004504933021962643,15.176471084356308,8,NVIDIA A100-SXM4-80GB,gpu108-16-l,2.11.0+cu128,a100-reference
2026-07-26T20:15:15+00:00,white_wine,44971,4898,11,lgbm_tuned,cpu,3,42,0.5519836115158154,0.37834412301257875,0.5911204902723712,11.078010860830545,0.003594839945435524,11.081605700775981,8,NVIDIA A100-SXM4-80GB,gpu108-16-l,2.11.0+cu128,a100-reference
2026-07-26T20:15:23+00:00,white_wine,44971,4898,11,lgbm_tuned,cpu,4,42,0.5641540380718764,0.39681895461389566,0.6212219690235681,7.989536808803678,0.003199489787220955,7.9927362985908985,8,NVIDIA A100-SXM4-80GB,gpu108-16-l,2.11.0+cu128,a100-reference
2026-07-26T20:15:38+00:00,white_wine,44971,4898,11,lgbm_tuned,cpu,5,42,0.5976022887317426,0.4024657140961927,0.5366153359799299,14.27404659241438,0.004417450167238712,14.278464042581618,8,NVIDIA A100-SXM4-80GB,gpu108-16-l,2.11.0+cu128,a100-reference
2026-07-26T20:15:50+00:00,white_wine,44971,4898,11,lgbm_tuned,cpu,6,42,0.5579772738812725,0.3781287215954561,0.6326464476009456,12.3944309707731,0.004349963739514351,12.398780934512615,8,NVIDIA A100-SXM4-80GB,gpu108-16-l,2.11.0+cu128,a100-reference
2026-07-26T20:16:02+00:00,white_wine,44971,4898,11,lgbm_tuned,cpu,7,42,0.6209021869568684,0.4242963117424839,0.49347306769223087,11.700726924464107,0.004598057828843594,11.70532498229295,8,NVIDIA A100-SXM4-80GB,gpu108-16-l,2.11.0+cu128,a100-reference
2026-07-26T20:16:18+00:00,white_wine,44971,4898,11,lgbm_tuned,cpu,8,42,0.6170768824225702,0.4100864667025601,0.5062500168784952,16.164872981607914,0.007870303466916084,16.17274328507483,8,NVIDIA A100-SXM4-80GB,gpu108-16-l,2.11.0+cu128,a100-reference
2026-07-26T20:16:28+00:00,white_wine,44971,4898,11,lgbm_tuned,cpu,9,42,0.6289761861900043,0.4314556436493473,0.5219718224707497,10.35926718916744,0.002859131433069706,10.36212632060051,8,NVIDIA A100-SXM4-80GB,gpu108-16-l,2.11.0+cu128,a100-reference
2026-07-26T20:16:29+00:00,white_wine,44971,4898,11,xgb_default_gpu,cuda,0,42,0.6231393453613414,0.44760589113040844,0.5157335316077707,0.3555052736774087,0.00932331383228302,0.3648285875096917,8,NVIDIA A100-SXM4-80GB,gpu108-16-l,2.11.0+cu128,a100-reference
2026-07-26T20:16:29+00:00,white_wine,44971,4898,11,xgb_default_gpu,cuda,1,42,0.5899360826048303,0.4215479578290667,0.5328385464650225,0.12741423677653074,0.0029703713953495026,0.13038460817188025,8,NVIDIA A100-SXM4-80GB,gpu108-16-l,2.11.0+cu128,a100-reference
2026-07-26T20:16:29+00:00,white_wine,44971,4898,11,xgb_default_gpu,cuda,2,42,0.5962008993362472,0.4208548283090397,0.5035346934651064,0.12871744576841593,0.0029764920473098755,0.1316939378157258,8,NVIDIA A100-SXM4-80GB,gpu108-16-l,2.11.0+cu128,a100-reference
2026-07-26T20:16:29+00:00,white_wine,44971,4898,11,xgb_default_gpu,cuda,3,42,0.5875746550663496,0.4209567877711082,0.5366927582561136,0.12935528997331858,0.003028249368071556,0.13238353934139013,8,NVIDIA A100-SXM4-80GB,gpu108-16-l,2.11.0+cu128,a100-reference
2026-07-26T20:16:29+00:00,white_wine,44971,4898,11,xgb_default_gpu,cuda,4,42,0.6149791754363867,0.4370891999225227,0.549898770073497,0.12709649093449116,0.003331746906042099,0.13042823784053326,8,NVIDIA A100-SXM4-80GB,gpu108-16-l,2.11.0+cu128,a100-reference
2026-07-26T20:16:29+00:00,white_wine,44971,4898,11,xgb_default_gpu,cuda,5,42,0.6441055251758582,0.45139617044098523,0.4616915446723344,0.1298492755740881,0.003178429789841175,0.13302770536392927,8,NVIDIA A100-SXM4-80GB,gpu108-16-l,2.11.0+cu128,a100-reference
2026-07-26T20:16:30+00:00,white_wine,44971,4898,11,xgb_default_gpu,cuda,6,42,0.6120271053558494,0.44044307737934346,0.5580302602920482,0.1288614347577095,0.0029945960268378258,0.13185603078454733,8,NVIDIA A100-SXM4-80GB,gpu108-16-l,2.11.0+cu128,a100-reference
2026-07-26T20:16:30+00:00,white_wine,44971,4898,11,xgb_default_gpu,cuda,7,42,0.6375331610640355,0.4470282106983418,0.46597483650271165,0.12759707774966955,0.0029328400269150734,0.13052991777658463,8,NVIDIA A100-SXM4-80GB,gpu108-16-l,2.11.0+cu128,a100-reference
2026-07-26T20:16:30+00:00,white_wine,44971,4898,11,xgb_default_gpu,cuda,8,42,0.6736451877359085,0.47236009609479845,0.41157520633205125,0.12694374658167362,0.003280922770500183,0.1302246693521738,8,NVIDIA A100-SXM4-80GB,gpu108-16-l,2.11.0+cu128,a100-reference
2026-07-26T20:16:30+00:00,white_wine,44971,4898,11,xgb_default_gpu,cuda,9,42,0.6536952396761563,0.4567545167263788,0.48366004084449077,0.12788595911115408,0.0029888255521655083,0.1308747846633196,8,NVIDIA A100-SXM4-80GB,gpu108-16-l,2.11.0+cu128,a100-reference
2026-07-26T20:22:21+00:00,california_housing,44977,20640,8,tabpfn_v3,cuda,0,42,38810.98368222077,23455.536848201307,0.8870514482918004,0.6922235069796443,2.2661870513111353,2.9584105582907796,8,NVIDIA A100-SXM4-80GB,gpu203-09-r,2.11.0+cu128,a100-reference
2026-07-26T20:22:24+00:00,california_housing,44977,20640,8,tabpfn_v3,cuda,1,42,38358.91039167693,23116.73006374152,0.8856600407063718,0.5098490491509438,2.1834182711318135,2.6932673202827573,8,NVIDIA A100-SXM4-80GB,gpu203-09-r,2.11.0+cu128,a100-reference
2026-07-26T20:22:27+00:00,california_housing,44977,20640,8,tabpfn_v3,cuda,2,42,36371.322787298835,22345.485253149225,0.8994734022413056,0.5080838818103075,2.1865634629502892,2.6946473447605968,8,NVIDIA A100-SXM4-80GB,gpu203-09-r,2.11.0+cu128,a100-reference
2026-07-26T20:22:29+00:00,california_housing,44977,20640,8,tabpfn_v3,cuda,3,42,41415.39813863065,24297.010352319525,0.8788808230558651,0.5043594818562269,2.1839974485337734,2.6883569303900003,8,NVIDIA A100-SXM4-80GB,gpu203-09-r,2.11.0+cu128,a100-reference
2026-07-26T20:22:32+00:00,california_housing,44977,20640,8,tabpfn_v3,cuda,4,42,38341.1743204895,22691.754144712937,0.8844388115522288,0.5903399987146258,2.186168900690973,2.7765088994055986,8,NVIDIA A100-SXM4-80GB,gpu203-09-r,2.11.0+cu128,a100-reference
2026-07-26T20:22:35+00:00,california_housing,44977,20640,8,tabpfn_v3,cuda,5,42,42741.656365807736,24293.253699960635,0.8626327953622462,0.49904218781739473,2.1872178819030523,2.686260069720447,8,NVIDIA A100-SXM4-80GB,gpu203-09-r,2.11.0+cu128,a100-reference
2026-07-26T20:22:38+00:00,california_housing,44977,20640,8,tabpfn_v3,cuda,6,42,38310.09065548583,22435.869061137353,0.8910204841732,0.5080342860892415,2.1842419616878033,2.6922762477770448,8,NVIDIA A100-SXM4-80GB,gpu203-09-r,2.11.0+cu128,a100-reference
2026-07-26T20:22:40+00:00,california_housing,44977,20640,8,tabpfn_v3,cuda,7,42,37318.1222953325,23174.68575505693,0.8943824557678312,0.4836009331047535,2.18648565094918,2.6700865840539336,8,NVIDIA A100-SXM4-80GB,gpu203-09-r,2.11.0+cu128,a100-reference
2026-07-26T20:22:43+00:00,california_housing,44977,20640,8,tabpfn_v3,cuda,8,42,39296.63185639136,23382.12174573795,0.8844794185210071,0.5284352200105786,2.1869664434343576,2.7154016634449363,8,NVIDIA A100-SXM4-80GB,gpu203-09-r,2.11.0+cu128,a100-reference
2026-07-26T20:22:46+00:00,california_housing,44977,20640,8,tabpfn_v3,cuda,9,42,39417.688661471686,23887.3899398922,0.8853456303521752,0.4889779882505536,2.2152915317565203,2.704269520007074,8,NVIDIA A100-SXM4-80GB,gpu203-09-r,2.11.0+cu128,a100-reference
2026-07-26T20:22:46+00:00,california_housing,44977,20640,8,xgb_default,cpu,0,42,48312.67188859105,31551.72169766685,0.8249776628781648,0.08453046903014183,0.0010995669290423393,0.08563003595918417,8,NVIDIA A100-SXM4-80GB,gpu203-09-r,2.11.0+cu128,a100-reference
2026-07-26T20:22:46+00:00,california_housing,44977,20640,8,xgb_default,cpu,1,42,47099.74502612255,31855.55762854288,0.8276137505789621,0.08322358317673206,0.0009248871356248856,0.08414847031235695,8,NVIDIA A100-SXM4-80GB,gpu203-09-r,2.11.0+cu128,a100-reference
2026-07-26T20:22:46+00:00,california_housing,44977,20640,8,xgb_default,cpu,2,42,45592.0777537624,30505.062243557717,0.8420420236050112,0.0834788428619504,0.00106128491461277,0.08454012777656317,8,NVIDIA A100-SXM4-80GB,gpu203-09-r,2.11.0+cu128,a100-reference
2026-07-26T20:22:46+00:00,california_housing,44977,20640,8,xgb_default,cpu,3,42,49980.617842082305,32772.85645856044,0.8236024819024177,0.0836158711463213,0.0009206309914588928,0.08453650213778019,8,NVIDIA A100-SXM4-80GB,gpu203-09-r,2.11.0+cu128,a100-reference
2026-07-26T20:22:46+00:00,california_housing,44977,20640,8,xgb_default,cpu,4,42,44976.97400392359,30217.815570683444,0.840976376401058,0.08335673250257969,0.000918717123568058,0.08427544962614775,8,NVIDIA A100-SXM4-80GB,gpu203-09-r,2.11.0+cu128,a100-reference
2026-07-26T20:22:46+00:00,california_housing,44977,20640,8,xgb_default,cpu,5,42,49040.32692028662,31639.48765481165,0.8191630901022273,0.08305083867162466,0.0009153410792350769,0.08396617975085974,8,NVIDIA A100-SXM4-80GB,gpu203-09-r,2.11.0+cu128,a100-reference
2026-07-26T20:22:46+00:00,california_housing,44977,20640,8,xgb_default,cpu,6,42,46352.72160094713,30087.54568268532,0.8404602186894196,0.08308058325201273,0.0009055621922016144,0.08398614544421434,8,NVIDIA A100-SXM4-80GB,gpu203-09-r,2.11.0+cu128,a100-reference
2026-07-26T20:22:46+00:00,california_housing,44977,20640,8,xgb_default,cpu,7,42,43924.91578762974,30251.05851047723,0.8536750537799273,0.08419602084904909,0.0009359903633594513,0.08513201121240854,8,NVIDIA A100-SXM4-80GB,gpu203-09-r,2.11.0+cu128,a100-reference
2026-07-26T20:22:46+00:00,california_housing,44977,20640,8,xgb_default,cpu,8,42,49472.79678193532,33097.259848897775,0.816902828777013,0.08386072050780058,0.0009071454405784607,0.08476786594837904,8,NVIDIA A100-SXM4-80GB,gpu203-09-r,2.11.0+cu128,a100-reference
2026-07-26T20:22:47+00:00,california_housing,44977,20640,8,xgb_default,cpu,9,42,48459.4638906994,32394.422843045966,0.8267131881676499,0.08430470526218414,0.0009162528440356255,0.08522095810621977,8,NVIDIA A100-SXM4-80GB,gpu203-09-r,2.11.0+cu128,a100-reference
2026-07-26T20:23:14+00:00,california_housing,44977,20640,8,xgb_tuned,cpu,0,42,44551.98229031945,29012.82331789002,0.8511648770827642,27.563134549185634,0.007014063186943531,27.570148612372577,8,NVIDIA A100-SXM4-80GB,gpu203-09-r,2.11.0+cu128,a100-reference
2026-07-26T20:23:39+00:00,california_housing,44977,20640,8,xgb_tuned,cpu,1,42,44144.253128633325,29021.414933078973,0.848569325911886,25.14526190329343,0.006776757538318634,25.15203866083175,8,NVIDIA A100-SXM4-80GB,gpu203-09-r,2.11.0+cu128,a100-reference
2026-07-26T20:24:05+00:00,california_housing,44977,20640,8,xgb_tuned,cpu,2,42,42256.51906861008,28170.092599321706,0.8643092542240154,25.372649054042995,0.006732744164764881,25.37938179820776,8,NVIDIA A100-SXM4-80GB,gpu203-09-r,2.11.0+cu128,a100-reference
2026-07-26T20:24:30+00:00,california_housing,44977,20640,8,xgb_tuned,cpu,3,42,46774.456959385374,29853.693611085877,0.8455077359181188,25.151452663354576,0.01076384074985981,25.162216504104435,8,NVIDIA A100-SXM4-80GB,gpu203-09-r,2.11.0+cu128,a100-reference
2026-07-26T20:24:56+00:00,california_housing,44977,20640,8,xgb_tuned,cpu,4,42,43335.18979659105,28160.050073431445,0.8523740910114583,26.48119730129838,0.00917722750455141,26.49037452880293,8,NVIDIA A100-SXM4-80GB,gpu203-09-r,2.11.0+cu128,a100-reference
2026-07-26T20:25:23+00:00,california_housing,44977,20640,8,xgb_tuned,cpu,5,42,46403.06144099835,29454.48702648074,0.8380900151788792,26.224313932470977,0.0061378562822937965,26.23045178875327,8,NVIDIA A100-SXM4-80GB,gpu203-09-r,2.11.0+cu128,a100-reference
2026-07-26T20:25:52+00:00,california_housing,44977,20640,8,xgb_tuned,cpu,6,42,43506.84651362451,27915.92408172844,0.8594490692010053,29.161791499704123,0.010220197029411793,29.172011696733534,8,NVIDIA A100-SXM4-80GB,gpu203-09-r,2.11.0+cu128,a100-reference
2026-07-26T20:26:15+00:00,california_housing,44977,20640,8,xgb_tuned,cpu,7,42,41345.08800934735,27952.143810183505,0.870358412774906,23.39186801481992,0.004032639786601067,23.39590065460652,8,NVIDIA A100-SXM4-80GB,gpu203-09-r,2.11.0+cu128,a100-reference
2026-07-26T20:26:43+00:00,california_housing,44977,20640,8,xgb_tuned,cpu,8,42,45616.781556627124,29419.082702163578,0.8443324854260278,28.227949048392475,0.008413892239332199,28.236362940631807,8,NVIDIA A100-SXM4-80GB,gpu203-09-r,2.11.0+cu128,a100-reference
2026-07-26T20:27:09+00:00,california_housing,44977,20640,8,xgb_tuned,cpu,9,42,46052.85352705887,30185.72123682776,0.843497459660327,25.201910588890314,0.00890487339347601,25.21081546228379,8,NVIDIA A100-SXM4-80GB,gpu203-09-r,2.11.0+cu128,a100-reference
2026-07-26T20:27:09+00:00,california_housing,44977,20640,8,lgbm_default,cpu,0,42,48225.9016879621,32059.312973291166,0.8256057832008485,0.08553058933466673,0.001937241293489933,0.08746783062815666,8,NVIDIA A100-SXM4-80GB,gpu203-09-r,2.11.0+cu128,a100-reference
2026-07-26T20:27:09+00:00,california_housing,44977,20640,8,lgbm_default,cpu,1,42,46737.683795840814,31809.99038411881,0.8302538703595139,0.08470238372683525,0.0018919557332992554,0.0865943394601345,8,NVIDIA A100-SXM4-80GB,gpu203-09-r,2.11.0+cu128,a100-reference
2026-07-26T20:27:09+00:00,california_housing,44977,20640,8,lgbm_default,cpu,2,42,45622.23108676095,31216.1129380374,0.8418330164817891,0.08452952839434147,0.0018413597717881203,0.08637088816612959,8,NVIDIA A100-SXM4-80GB,gpu203-09-r,2.11.0+cu128,a100-reference
2026-07-26T20:27:09+00:00,california_housing,44977,20640,8,lgbm_default,cpu,3,42,49789.76393647409,33092.44924375642,0.8249470782131527,0.08409178629517555,0.0018208716064691544,0.0859126579016447,8,NVIDIA A100-SXM4-80GB,gpu203-09-r,2.11.0+cu128,a100-reference
2026-07-26T20:27:09+00:00,california_housing,44977,20640,8,lgbm_default,cpu,4,42,45816.25278520301,31096.163671268943,0.834986182600715,0.08443192578852177,0.001823936589062214,0.08625586237758398,8,NVIDIA A100-SXM4-80GB,gpu203-09-r,2.11.0+cu128,a100-reference
2026-07-26T20:27:09+00:00,california_housing,44977,20640,8,lgbm_default,cpu,5,42,49483.2200172216,32288.277921346722,0.8158819912593814,0.08417275920510292,0.0018270434811711311,0.08599980268627405,8,NVIDIA A100-SXM4-80GB,gpu203-09-r,2.11.0+cu128,a100-reference
2026-07-26T20:27:09+00:00,california_housing,44977,20640,8,lgbm_default,cpu,6,42,46557.37743965527,31020.94238906977,0.8390483133614801,0.08434309810400009,0.0018162224441766739,0.08615932054817677,8,NVIDIA A100-SXM4-80GB,gpu203-09-r,2.11.0+cu128,a100-reference
2026-07-26T20:27:09+00:00,california_housing,44977,20640,8,lgbm_default,cpu,7,42,43153.19784046211,29938.604787161945,0.8587714608651177,0.08431600872427225,0.0018342072144150734,0.08615021593868732,8,NVIDIA A100-SXM4-80GB,gpu203-09-r,2.11.0+cu128,a100-reference
2026-07-26T20:27:09+00:00,california_housing,44977,20640,8,lgbm_default,cpu,8,42,48976.57432385441,33028.13064279965,0.8205574138133427,0.08723646588623524,0.0018632905557751656,0.0890997564420104,8,NVIDIA A100-SXM4-80GB,gpu203-09-r,2.11.0+cu128,a100-reference
2026-07-26T20:27:10+00:00,california_housing,44977,20640,8,lgbm_default,cpu,9,42,49026.29955049238,32958.45382804022,0.8226355689979439,0.08367297984659672,0.0018034493550658226,0.08547642920166254,8,NVIDIA A100-SXM4-80GB,gpu203-09-r,2.11.0+cu128,a100-reference
2026-07-26T20:27:39+00:00,california_housing,44977,20640,8,lgbm_tuned,cpu,0,42,45056.03433936724,29071.15726956652,0.8477780453880049,28.99122918304056,0.02075633592903614,29.011985518969595,8,NVIDIA A100-SXM4-80GB,gpu203-09-r,2.11.0+cu128,a100-reference
2026-07-26T20:28:13+00:00,california_housing,44977,20640,8,lgbm_tuned,cpu,1,42,43606.721418725865,28703.5294686301,0.8522347273523971,34.31003019865602,0.09485673904418945,34.40488693770021,8,NVIDIA A100-SXM4-80GB,gpu203-09-r,2.11.0+cu128,a100-reference
2026-07-26T20:28:45+00:00,california_housing,44977,20640,8,lgbm_tuned,cpu,2,42,42258.82657604536,28172.692938929005,0.8642944344536876,32.27097103372216,0.07072677370160818,32.34169780742377,8,NVIDIA A100-SXM4-80GB,gpu203-09-r,2.11.0+cu128,a100-reference
2026-07-26T20:29:13+00:00,california_housing,44977,20640,8,lgbm_tuned,cpu,3,42,47154.683800430714,30193.72037366554,0.8429858098519641,27.410363737493753,0.05584049038589001,27.466204227879643,8,NVIDIA A100-SXM4-80GB,gpu203-09-r,2.11.0+cu128,a100-reference
2026-07-26T20:29:41+00:00,california_housing,44977,20640,8,lgbm_tuned,cpu,4,42,43180.62567653077,28388.76966454679,0.8534252910549814,28.435502705164254,0.038277383893728256,28.473780089057982,8,NVIDIA A100-SXM4-80GB,gpu203-09-r,2.11.0+cu128,a100-reference
2026-07-26T20:30:13+00:00,california_housing,44977,20640,8,lgbm_tuned,cpu,5,42,46680.64624369833,29563.018004933027,0.8361471184229451,32.0263884998858,0.014421823434531689,32.04081032332033,8,NVIDIA A100-SXM4-80GB,gpu203-09-r,2.11.0+cu128,a100-reference
2026-07-26T20:30:45+00:00,california_housing,44977,20640,8,lgbm_tuned,cpu,6,42,43782.64631253973,27887.11997206558,0.8576614523904451,32.097266510128975,0.02190987579524517,32.11917638592422,8,NVIDIA A100-SXM4-80GB,gpu203-09-r,2.11.0+cu128,a100-reference
2026-07-26T20:31:13+00:00,california_housing,44977,20640,8,lgbm_tuned,cpu,7,42,41700.753597627125,28420.779382759116,0.8681183703859089,28.077690209262073,0.009205359034240246,28.086895568296313,8,NVIDIA A100-SXM4-80GB,gpu203-09-r,2.11.0+cu128,a100-reference
2026-07-26T20:31:42+00:00,california_housing,44977,20640,8,lgbm_tuned,cpu,8,42,45413.593859752786,29400.802669100733,0.8457161551911659,28.841197665780783,0.018579035997390747,28.859776701778173,8,NVIDIA A100-SXM4-80GB,gpu203-09-r,2.11.0+cu128,a100-reference
2026-07-26T20:32:06+00:00,california_housing,44977,20640,8,lgbm_tuned,cpu,9,42,45891.76115047669,30237.07867826908,0.8445904330461564,23.729975496418774,0.009554807096719742,23.739530303515494,8,NVIDIA A100-SXM4-80GB,gpu203-09-r,2.11.0+cu128,a100-reference
2026-07-26T20:32:06+00:00,california_housing,44977,20640,8,xgb_default_gpu,cuda,0,42,48312.67638675819,31551.726183987405,0.8249776302871392,0.16048518661409616,0.008779799565672874,0.16926498617976904,8,NVIDIA A100-SXM4-80GB,gpu203-09-r,2.11.0+cu128,a100-reference
2026-07-26T20:32:06+00:00,california_housing,44977,20640,8,xgb_default_gpu,cuda,1,42,47099.74761878413,31855.558234163032,0.8276137316005486,0.15600772202014923,0.0027598869055509567,0.1587676089257002,8,NVIDIA A100-SXM4-80GB,gpu203-09-r,2.11.0+cu128,a100-reference
2026-07-26T20:32:07+00:00,california_housing,44977,20640,8,xgb_default_gpu,cuda,2,42,45592.079942976816,30505.06691345688,0.8420420084355387,0.13751184288412333,0.002792658284306526,0.14030450116842985,8,NVIDIA A100-SXM4-80GB,gpu203-09-r,2.11.0+cu128,a100-reference
2026-07-26T20:32:07+00:00,california_housing,44977,20640,8,xgb_default_gpu,cuda,3,42,49980.615433383035,32772.85638096536,0.823602498904551,0.13890946935862303,0.002776467241346836,0.14168593659996986,8,NVIDIA A100-SXM4-80GB,gpu203-09-r,2.11.0+cu128,a100-reference
2026-07-26T20:32:07+00:00,california_housing,44977,20640,8,xgb_default_gpu,cuda,4,42,44976.975897912744,30217.816304051597,0.8409763630080261,0.13898743502795696,0.0027569904923439026,0.14174442552030087,8,NVIDIA A100-SXM4-80GB,gpu203-09-r,2.11.0+cu128,a100-reference
2026-07-26T20:32:07+00:00,california_housing,44977,20640,8,xgb_default_gpu,cuda,5,42,49040.32640695893,31639.486471959786,0.8191630938880338,0.13851543795317411,0.002780446782708168,0.14129588473588228,8,NVIDIA A100-SXM4-80GB,gpu203-09-r,2.11.0+cu128,a100-reference
2026-07-26T20:32:07+00:00,california_housing,44977,20640,8,xgb_default_gpu,cuda,6,42,46352.71831005921,30087.5446304203,0.8404602413429986,0.1377155650407076,0.002779983915388584,0.14049554895609617,8,NVIDIA A100-SXM4-80GB,gpu203-09-r,2.11.0+cu128,a100-reference
2026-07-26T20:32:07+00:00,california_housing,44977,20640,8,xgb_default_gpu,cuda,7,42,43924.913234511965,30251.055705698887,0.8536750707900822,0.13846042472869158,0.002775515429675579,0.14123594015836716,8,NVIDIA A100-SXM4-80GB,gpu203-09-r,2.11.0+cu128,a100-reference
2026-07-26T20:32:07+00:00,california_housing,44977,20640,8,xgb_default_gpu,cuda,8,42,49472.79486326014,33097.25447023377,0.8169028429789185,0.13773117493838072,0.002770526334643364,0.14050170127302408,8,NVIDIA A100-SXM4-80GB,gpu203-09-r,2.11.0+cu128,a100-reference
2026-07-26T20:32:08+00:00,california_housing,44977,20640,8,xgb_default_gpu,cuda,9,42,48459.467956886634,32394.427946342053,0.8267131590869876,0.1383896917104721,0.002775304950773716,0.14116499666124582,8,NVIDIA A100-SXM4-80GB,gpu203-09-r,2.11.0+cu128,a100-reference
2026-07-26T20:47:50+00:00,sgemm,44961,241600,14,tabpfn_v3,cuda,0,42,13.773574674665227,2.93146792090018,0.9984928276890739,1.7870570737868547,134.42509813793004,136.2121552117169,8,NVIDIA A100-SXM4-80GB,gpu108-16-l,2.11.0+cu128,a100-reference
2026-07-26T20:50:06+00:00,sgemm,44961,241600,14,tabpfn_v3,cuda,1,42,14.475549764506425,3.0872874872258165,0.998531356186828,1.8453210648149252,134.46340293623507,136.30872400105,8,NVIDIA A100-SXM4-80GB,gpu108-16-l,2.11.0+cu128,a100-reference
2026-07-26T20:52:22+00:00,sgemm,44961,241600,14,tabpfn_v3,cuda,2,42,12.604118723710354,2.9228459997398173,0.9988794191247471,1.8346043592318892,134.37936120852828,136.21396556776017,8,NVIDIA A100-SXM4-80GB,gpu108-16-l,2.11.0+cu128,a100-reference
2026-07-26T20:54:38+00:00,sgemm,44961,241600,14,tabpfn_v3,cuda,3,42,12.236625678778907,2.8797020483016973,0.9989189925438939,1.7245368352159858,134.38302020076662,136.1075570359826,8,NVIDIA A100-SXM4-80GB,gpu108-16-l,2.11.0+cu128,a100-reference
2026-07-26T20:56:55+00:00,sgemm,44961,241600,14,tabpfn_v3,cuda,4,42,13.24731055227399,2.9291253674314506,0.9986774668832149,1.8127451296895742,134.38483651075512,136.1975816404447,8,NVIDIA A100-SXM4-80GB,gpu108-16-l,2.11.0+cu128,a100-reference
2026-07-26T20:59:11+00:00,sgemm,44961,241600,14,tabpfn_v3,cuda,5,42,12.595207071351712,2.9100487875859473,0.9988353979567233,1.7582240318879485,134.33235351461917,136.09057754650712,8,NVIDIA A100-SXM4-80GB,gpu108-16-l,2.11.0+cu128,a100-reference
2026-07-26T21:01:27+00:00,sgemm,44961,241600,14,tabpfn_v3,cuda,6,42,13.930615667572045,3.000856614959161,0.998568775748165,1.7189757134765387,134.38751970231533,136.10649541579187,8,NVIDIA A100-SXM4-80GB,gpu108-16-l,2.11.0+cu128,a100-reference
2026-07-26T21:03:43+00:00,sgemm,44961,241600,14,tabpfn_v3,cuda,7,42,12.264975510304938,2.865362487216659,0.9988601851797235,1.7360456585884094,134.51949001196772,136.25553567055613,8,NVIDIA A100-SXM4-80GB,gpu108-16-l,2.11.0+cu128,a100-reference
2026-07-26T21:05:59+00:00,sgemm,44961,241600,14,tabpfn_v3,cuda,8,42,11.922190348401088,2.8661850453449396,0.9989685770246725,1.7206229539588094,134.3935064189136,136.1141293728724,8,NVIDIA A100-SXM4-80GB,gpu108-16-l,2.11.0+cu128,a100-reference
2026-07-26T21:08:15+00:00,sgemm,44961,241600,14,tabpfn_v3,cuda,9,42,13.681800624096393,3.043617119264918,0.9986484972714768,1.7537083206698298,134.38034129422158,136.1340496148914,8,NVIDIA A100-SXM4-80GB,gpu108-16-l,2.11.0+cu128,a100-reference
2026-07-26T21:08:16+00:00,sgemm,44961,241600,14,xgb_default,cpu,0,42,44.02506542576741,24.831028473572868,0.984601812943912,0.4654344841837883,0.0049410974606871605,0.47037558164447546,8,NVIDIA A100-SXM4-80GB,gpu108-16-l,2.11.0+cu128,a100-reference
2026-07-26T21:08:16+00:00,sgemm,44961,241600,14,xgb_default,cpu,1,42,46.086558635116326,25.658942713893065,0.9851134210064574,0.26233046408742666,0.004816083237528801,0.26714654732495546,8,NVIDIA A100-SXM4-80GB,gpu108-16-l,2.11.0+cu128,a100-reference
2026-07-26T21:08:16+00:00,sgemm,44961,241600,14,xgb_default,cpu,2,42,45.435428706898634,25.56249308994588,0.985438453684037,0.26398510206490755,0.004736673086881638,0.2687217751517892,8,NVIDIA A100-SXM4-80GB,gpu108-16-l,2.11.0+cu128,a100-reference
2026-07-26T21:08:17+00:00,sgemm,44961,241600,14,xgb_default,cpu,3,42,44.745935698870134,25.329151680334093,0.9855451853328524,0.4199444679543376,0.005003766156733036,0.42494823411107063,8,NVIDIA A100-SXM4-80GB,gpu108-16-l,2.11.0+cu128,a100-reference
2026-07-26T21:08:17+00:00,sgemm,44961,241600,14,xgb_default,cpu,4,42,44.33909269834149,24.700388510638568,0.9851842130302548,0.26523375418037176,0.004679124802350998,0.26991287898272276,8,NVIDIA A100-SXM4-80GB,gpu108-16-l,2.11.0+cu128,a100-reference
2026-07-26T21:08:18+00:00,sgemm,44961,241600,14,xgb_default,cpu,5,42,47.61868741791585,25.755440813968022,0.9833535448798109,0.545236861333251,0.004561983980238438,0.5497988453134894,8,NVIDIA A100-SXM4-80GB,gpu108-16-l,2.11.0+cu128,a100-reference
2026-07-26T21:08:18+00:00,sgemm,44961,241600,14,xgb_default,cpu,6,42,45.50128985248866,25.446479760203193,0.9847308633604206,0.27902798168361187,0.004709271714091301,0.28373725339770317,8,NVIDIA A100-SXM4-80GB,gpu108-16-l,2.11.0+cu128,a100-reference
2026-07-26T21:08:18+00:00,sgemm,44961,241600,14,xgb_default,cpu,7,42,43.82039354667418,24.842150858772143,0.9854503188529029,0.26716756634414196,0.004745949991047382,0.27191351633518934,8,NVIDIA A100-SXM4-80GB,gpu108-16-l,2.11.0+cu128,a100-reference
2026-07-26T21:08:19+00:00,sgemm,44961,241600,14,xgb_default,cpu,8,42,46.6768227318726,26.244908692071352,0.9841901674292198,0.26821827702224255,0.004684475250542164,0.2729027522727847,8,NVIDIA A100-SXM4-80GB,gpu108-16-l,2.11.0+cu128,a100-reference
2026-07-26T21:08:19+00:00,sgemm,44961,241600,14,xgb_default,cpu,9,42,45.47997354992552,26.4031796650346,0.9850661832179374,0.26865864638239145,0.004679185338318348,0.2733378317207098,8,NVIDIA A100-SXM4-80GB,gpu108-16-l,2.11.0+cu128,a100-reference
2026-07-26T21:08:19+00:00,sgemm,44961,241600,14,lgbm_default,cpu,0,42,35.9905036176327,24.16945710033886,0.9897092881280113,0.2867356911301613,0.008852716535329819,0.2955884076654911,8,NVIDIA A100-SXM4-80GB,gpu108-16-l,2.11.0+cu128,a100-reference
2026-07-26T21:08:19+00:00,sgemm,44961,241600,14,lgbm_default,cpu,1,42,36.9674179034675,24.77342436966376,0.9904217850106937,0.2844708636403084,0.00840176735073328,0.29287263099104166,8,NVIDIA A100-SXM4-80GB,gpu108-16-l,2.11.0+cu128,a100-reference
2026-07-26T21:08:20+00:00,sgemm,44961,241600,14,lgbm_default,cpu,2,42,37.31636363536642,24.882966761851893,0.9901776169077617,0.2782193971797824,0.00880174059420824,0.28702113777399063,8,NVIDIA A100-SXM4-80GB,gpu108-16-l,2.11.0+cu128,a100-reference
2026-07-26T21:08:20+00:00,sgemm,44961,241600,14,lgbm_default,cpu,3,42,35.91564311779724,24.09090686616525,0.9906873638695942,0.27954850159585476,0.009130982682108879,0.28867948427796364,8,NVIDIA A100-SXM4-80GB,gpu108-16-l,2.11.0+cu128,a100-reference
2026-07-26T21:08:20+00:00,sgemm,44961,241600,14,lgbm_default,cpu,4,42,35.67518178389035,24.024598721313357,0.9904085667142869,0.28028013929724693,0.008934381417930126,0.28921452071517706,8,NVIDIA A100-SXM4-80GB,gpu108-16-l,2.11.0+cu128,a100-reference
2026-07-26T21:08:21+00:00,sgemm,44961,241600,14,lgbm_default,cpu,5,42,37.08379864140489,24.80814681911321,0.9899043252059153,0.2783998968079686,0.009152772836387157,0.2875526696443558,8,NVIDIA A100-SXM4-80GB,gpu108-16-l,2.11.0+cu128,a100-reference
2026-07-26T21:08:21+00:00,sgemm,44961,241600,14,lgbm_default,cpu,6,42,36.75458584187827,24.84889493640067,0.9900369999564361,0.2799509400501847,0.009215160273015499,0.2891661003232002,8,NVIDIA A100-SXM4-80GB,gpu108-16-l,2.11.0+cu128,a100-reference
2026-07-26T21:08:21+00:00,sgemm,44961,241600,14,lgbm_default,cpu,7,42,36.33685082223219,24.39726342551258,0.9899954974179733,0.2771082744002342,0.00852963887155056,0.2856379132717848,8,NVIDIA A100-SXM4-80GB,gpu108-16-l,2.11.0+cu128,a100-reference
2026-07-26T21:08:21+00:00,sgemm,44961,241600,14,lgbm_default,cpu,8,42,36.91863526434452,24.598556453153602,0.9901095517399904,0.27619852125644684,0.008699318394064903,0.28489783965051174,8,NVIDIA A100-SXM4-80GB,gpu108-16-l,2.11.0+cu128,a100-reference
2026-07-26T21:08:22+00:00,sgemm,44961,241600,14,lgbm_default,cpu,9,42,36.26595342741721,24.32481594605787,0.9905042644581921,0.28958406671881676,0.009399366565048695,0.29898343328386545,8,NVIDIA A100-SXM4-80GB,gpu108-16-l,2.11.0+cu128,a100-reference
2026-07-26T21:08:22+00:00,sgemm,44961,241600,14,xgb_default_gpu,cuda,0,42,44.02506557794126,24.831026038934066,0.9846018128374635,0.21317774709314108,0.011303544044494629,0.2244812911376357,8,NVIDIA A100-SXM4-80GB,gpu108-16-l,2.11.0+cu128,a100-reference
2026-07-26T21:08:22+00:00,sgemm,44961,241600,14,xgb_default_gpu,cuda,1,42,46.08656036868503,25.658945857395402,0.9851134198865253,0.1918446384370327,0.004141142591834068,0.19598578102886677,8,NVIDIA A100-SXM4-80GB,gpu108-16-l,2.11.0+cu128,a100-reference
2026-07-26T21:08:22+00:00,sgemm,44961,241600,14,xgb_default_gpu,cuda,2,42,45.43542766029778,25.562493270634025,0.9854384543548848,0.19080030173063278,0.004270014353096485,0.19507031608372927,8,NVIDIA A100-SXM4-80GB,gpu108-16-l,2.11.0+cu128,a100-reference
2026-07-26T21:08:23+00:00,sgemm,44961,241600,14,xgb_default_gpu,cuda,3,42,44.74594799077771,25.329159110404007,0.9855451773912476,0.19109961576759815,0.0041437773033976555,0.1952433930709958,8,NVIDIA A100-SXM4-80GB,gpu108-16-l,2.11.0+cu128,a100-reference
2026-07-26T21:08:23+00:00,sgemm,44961,241600,14,xgb_default_gpu,cuda,4,42,44.33910000106712,24.70039177145548,0.9851842081498827,0.19052353035658598,0.004249735735356808,0.1947732660919428,8,NVIDIA A100-SXM4-80GB,gpu108-16-l,2.11.0+cu128,a100-reference
2026-07-26T21:08:23+00:00,sgemm,44961,241600,14,xgb_default_gpu,cuda,5,42,47.618685430767705,25.755440019935964,0.9833535462691382,0.1903988653793931,0.004183321259915829,0.19458218663930893,8,NVIDIA A100-SXM4-80GB,gpu108-16-l,2.11.0+cu128,a100-reference
2026-07-26T21:08:23+00:00,sgemm,44961,241600,14,xgb_default_gpu,cuda,6,42,45.50128681338256,25.446478989279036,0.9847308654001221,0.19051622599363327,0.004188429564237595,0.19470465555787086,8,NVIDIA A100-SXM4-80GB,gpu108-16-l,2.11.0+cu128,a100-reference
2026-07-26T21:08:24+00:00,sgemm,44961,241600,14,xgb_default_gpu,cuda,7,42,43.8203975021548,24.842150373926227,0.985450316226227,0.19051836989820004,0.0041743433102965355,0.19469271320849657,8,NVIDIA A100-SXM4-80GB,gpu108-16-l,2.11.0+cu128,a100-reference
2026-07-26T21:08:24+00:00,sgemm,44961,241600,14,xgb_default_gpu,cuda,8,42,46.67682933399709,26.244909071701255,0.9841901629568293,0.1970166927203536,0.00425922404974699,0.2012759167701006,8,NVIDIA A100-SXM4-80GB,gpu108-16-l,2.11.0+cu128,a100-reference
2026-07-26T21:08:24+00:00,sgemm,44961,241600,14,xgb_default_gpu,cuda,9,42,45.479974402920185,26.403180838401745,0.9850661826577582,0.18622164614498615,0.004106065258383751,0.1903277114033699,8,NVIDIA A100-SXM4-80GB,gpu108-16-l,2.11.0+cu128,a100-reference
2026-07-27T05:42:19+00:00,sgemm,44961,241600,14,xgb_tuned,cpu,0,42,7.888838628814452,4.463055211568708,0.999505580358035,187.74230547714978,0.23447864688932896,187.9767841240391,8,none,cn604-10,2.11.0+cu128,cpu-only-node-tuned
2026-07-27T05:45:27+00:00,sgemm,44961,241600,14,xgb_tuned,cpu,1,42,8.360790003226466,4.641258031751344,0.9995100621662854,188.07706588320434,0.20868614967912436,188.28575203288347,8,none,cn604-10,2.11.0+cu128,cpu-only-node-tuned
2026-07-27T05:48:32+00:00,sgemm,44961,241600,14,xgb_tuned,cpu,2,42,8.077819759879104,4.568147229088063,0.9995397364820557,185.0982285812497,0.17641605995595455,185.27464464120567,8,none,cn604-10,2.11.0+cu128,cpu-only-node-tuned
2026-07-27T05:51:36+00:00,sgemm,44961,241600,14,xgb_tuned,cpu,3,42,8.612048564824253,4.760356268113812,0.9994645507929548,183.61688156891614,0.05979918781667948,183.67668075673282,8,none,cn604-10,2.11.0+cu128,cpu-only-node-tuned
2026-07-27T05:54:40+00:00,sgemm,44961,241600,14,xgb_tuned,cpu,4,42,7.873396482919215,4.448267761967336,0.999532829549844,184.15879968740046,0.14980014692991972,184.30859983433038,8,none,cn604-10,2.11.0+cu128,cpu-only-node-tuned
2026-07-27T05:57:45+00:00,sgemm,44961,241600,14,xgb_tuned,cpu,5,42,8.477134499606505,4.559660352338426,0.9994724482457465,184.29104544222355,0.19812375120818615,184.48916919343174,8,none,cn604-10,2.11.0+cu128,cpu-only-node-tuned
2026-07-27T06:00:51+00:00,sgemm,44961,241600,14,xgb_tuned,cpu,6,42,8.329835885294894,4.581471262495348,0.9994882710871551,186.12712112255394,0.15580971166491508,186.28293083421886,8,none,cn604-10,2.11.0+cu128,cpu-only-node-tuned
2026-07-27T06:04:01+00:00,sgemm,44961,241600,14,xgb_tuned,cpu,7,42,8.070582991438146,4.5185299229987015,0.9995064731963248,189.91931882407516,0.17356875725090504,190.09288758132607,8,none,cn604-10,2.11.0+cu128,cpu-only-node-tuned
2026-07-27T06:07:07+00:00,sgemm,44961,241600,14,xgb_tuned,cpu,8,42,8.236577779309004,4.640295901079348,0.9995077130693814,186.024062409997,0.19928035698831081,186.2233427669853,8,none,cn604-10,2.11.0+cu128,cpu-only-node-tuned
2026-07-27T06:10:15+00:00,sgemm,44961,241600,14,xgb_tuned,cpu,9,42,8.310448352713319,4.606047243516571,0.9995013689467626,187.86809740960598,0.1452889544889331,188.0133863640949,8,none,cn604-10,2.11.0+cu128,cpu-only-node-tuned
2026-07-27T06:13:06+00:00,sgemm,44961,241600,14,lgbm_tuned,cpu,0,42,8.962550876888882,5.073205742886062,0.9993618352097194,170.69106274005026,0.24414683412760496,170.93520957417786,8,none,cn604-10,2.11.0+cu128,cpu-only-node-tuned
2026-07-27T06:15:57+00:00,sgemm,44961,241600,14,lgbm_tuned,cpu,1,42,9.03928867366012,5.183158308018492,0.9994273162518688,170.1818308858201,0.2425697697326541,170.42440065555274,8,none,cn604-10,2.11.0+cu128,cpu-only-node-tuned
2026-07-27T06:18:48+00:00,sgemm,44961,241600,14,lgbm_tuned,cpu,2,42,8.882456573381731,5.134590494431855,0.9994434753293759,170.647000586614,0.24747778289020061,170.8944783695042,8,none,cn604-10,2.11.0+cu128,cpu-only-node-tuned
2026-07-27T06:21:38+00:00,sgemm,44961,241600,14,lgbm_tuned,cpu,3,42,9.102561305926653,5.152352867502244,0.9994018190687713,170.3903591344133,0.24984598625451326,170.64020512066782,8,none,cn604-10,2.11.0+cu128,cpu-only-node-tuned
2026-07-27T06:24:28+00:00,sgemm,44961,241600,14,lgbm_tuned,cpu,4,42,8.88292535651327,5.087899230250747,0.9994053476406658,169.9858327433467,0.24272063933312893,170.22855338267982,8,none,cn604-10,2.11.0+cu128,cpu-only-node-tuned
2026-07-27T06:27:19+00:00,sgemm,44961,241600,14,lgbm_tuned,cpu,5,42,9.400441234939994,5.1729107722873895,0.9993512708669178,170.3011508192867,0.24577922001481056,170.54693003930151,8,none,cn604-10,2.11.0+cu128,cpu-only-node-tuned
2026-07-27T06:30:10+00:00,sgemm,44961,241600,14,lgbm_tuned,cpu,6,42,9.357888976668885,5.287672395482118,0.9993541631189475,170.3572280658409,0.24693349283188581,170.60416155867279,8,none,cn604-10,2.11.0+cu128,cpu-only-node-tuned
2026-07-27T06:33:00+00:00,sgemm,44961,241600,14,lgbm_tuned,cpu,7,42,9.012092051080707,5.121953673534607,0.9993846075456463,169.75990882329643,0.24186763539910316,170.00177645869553,8,none,cn604-10,2.11.0+cu128,cpu-only-node-tuned
2026-07-27T06:35:50+00:00,sgemm,44961,241600,14,lgbm_tuned,cpu,8,42,9.01589699924056,5.135330083873571,0.9994101486449841,169.87538333795965,0.2471161000430584,170.1224994380027,8,none,cn604-10,2.11.0+cu128,cpu-only-node-tuned
2026-07-27T06:38:40+00:00,sgemm,44961,241600,14,lgbm_tuned,cpu,9,42,9.293768721259472,5.211206492319042,0.9993763884742395,169.8832310633734,0.24250896740704775,170.12574003078043,8,none,cn604-10,2.11.0+cu128,cpu-only-node-tuned
2026-07-27T11:42:03+00:00,nyc_taxi,44986,581835,17,xgb_default,cpu,0,42,2.6377951747215076,1.0863546830365638,0.22401502534107087,0.6957220807671547,0.010938323102891445,0.7066604038700461,8,NVIDIA A100-SXM4-80GB,gpu202-09-l,2.11.0+cu128,a100-reference
2026-07-27T11:42:03+00:00,nyc_taxi,44986,581835,17,xgb_default,cpu,1,42,2.2584239426871853,1.0799477423846409,0.27256594169350434,0.6733977561816573,0.010380415245890617,0.6837781714275479,8,NVIDIA A100-SXM4-80GB,gpu202-09-l,2.11.0+cu128,a100-reference
2026-07-27T11:42:05+00:00,nyc_taxi,44986,581835,17,xgb_default,cpu,2,42,2.254539796160358,1.0749341794464555,0.2543984392224746,1.2295335568487644,0.04262734018266201,1.2721608970314264,8,NVIDIA A100-SXM4-80GB,gpu202-09-l,2.11.0+cu128,a100-reference
2026-07-27T11:42:06+00:00,nyc_taxi,44986,581835,17,xgb_default,cpu,3,42,2.188669311291912,1.0732680060947049,0.25714610168229113,1.3761687343940139,0.011087162420153618,1.3872558968141675,8,NVIDIA A100-SXM4-80GB,gpu202-09-l,2.11.0+cu128,a100-reference
2026-07-27T11:42:07+00:00,nyc_taxi,44986,581835,17,xgb_default,cpu,4,42,2.1365212182480047,1.0813019433567725,0.2907779812755156,0.6839997982606292,0.010457230731844902,0.6944570289924741,8,NVIDIA A100-SXM4-80GB,gpu202-09-l,2.11.0+cu128,a100-reference
2026-07-27T11:42:08+00:00,nyc_taxi,44986,581835,17,xgb_default,cpu,5,42,2.562396679476951,1.0846640613551473,0.21770320457679604,0.8244799636304379,0.06562120001763105,0.8901011636480689,8,NVIDIA A100-SXM4-80GB,gpu202-09-l,2.11.0+cu128,a100-reference
2026-07-27T11:42:09+00:00,nyc_taxi,44986,581835,17,xgb_default,cpu,6,42,2.3204864592125243,1.0849723313621782,0.26442087267255765,1.253403240814805,0.017354334704577923,1.270757575519383,8,NVIDIA A100-SXM4-80GB,gpu202-09-l,2.11.0+cu128,a100-reference
2026-07-27T11:42:10+00:00,nyc_taxi,44986,581835,17,xgb_default,cpu,7,42,2.3255537047188546,1.06876709854526,0.2603819186040889,0.6945846080780029,0.010436100885272026,0.705020708963275,8,NVIDIA A100-SXM4-80GB,gpu202-09-l,2.11.0+cu128,a100-reference
2026-07-27T11:42:11+00:00,nyc_taxi,44986,581835,17,xgb_default,cpu,8,42,2.2694327054945873,1.0813297888006728,0.28750291133998873,0.68746083881706,0.010396616533398628,0.6978574553504586,8,NVIDIA A100-SXM4-80GB,gpu202-09-l,2.11.0+cu128,a100-reference
2026-07-27T11:42:11+00:00,nyc_taxi,44986,581835,17,xgb_default,cpu,9,42,2.358126758004118,1.0843295645310604,0.27851712271171203,0.6658615628257394,0.01100753340870142,0.6768690962344408,8,NVIDIA A100-SXM4-80GB,gpu202-09-l,2.11.0+cu128,a100-reference
2026-07-27T11:42:12+00:00,nyc_taxi,44986,581835,17,lgbm_default,cpu,0,42,2.6435823038276713,1.1256127980281871,0.2206063820644899,0.7361915437504649,0.032258084043860435,0.7684496277943254,8,NVIDIA A100-SXM4-80GB,gpu202-09-l,2.11.0+cu128,a100-reference
2026-07-27T11:42:13+00:00,nyc_taxi,44986,581835,17,lgbm_default,cpu,1,42,2.2495201500312794,1.1189622895770843,0.27829042444804686,0.7145535862073302,0.03105826396495104,0.7456118501722813,8,NVIDIA A100-SXM4-80GB,gpu202-09-l,2.11.0+cu128,a100-reference
2026-07-27T11:42:15+00:00,nyc_taxi,44986,581835,17,lgbm_default,cpu,2,42,2.2215139539529987,1.124092552193376,0.2760824788217009,2.2477349787950516,0.07044077850878239,2.318175757303834,8,NVIDIA A100-SXM4-80GB,gpu202-09-l,2.11.0+cu128,a100-reference
2026-07-27T11:42:16+00:00,nyc_taxi,44986,581835,17,lgbm_default,cpu,3,42,2.147595865499733,1.1130686761953914,0.28476587319980473,0.7145359013229609,0.030603431165218353,0.7451393324881792,8,NVIDIA A100-SXM4-80GB,gpu202-09-l,2.11.0+cu128,a100-reference
2026-07-27T11:42:18+00:00,nyc_taxi,44986,581835,17,lgbm_default,cpu,4,42,2.1613134522441335,1.1316536036406335,0.27422282986348867,1.5800134986639023,0.029893388971686363,1.6099068876355886,8,NVIDIA A100-SXM4-80GB,gpu202-09-l,2.11.0+cu128,a100-reference
2026-07-27T11:42:18+00:00,nyc_taxi,44986,581835,17,lgbm_default,cpu,5,42,2.5348767225777986,1.127432589032827,0.2344165928805101,0.7053564582020044,0.03053603507578373,0.7358924932777882,8,NVIDIA A100-SXM4-80GB,gpu202-09-l,2.11.0+cu128,a100-reference
2026-07-27T11:42:19+00:00,nyc_taxi,44986,581835,17,lgbm_default,cpu,6,42,2.3183525643039964,1.1272784327067413,0.2657731122706428,0.7279001250863075,0.03064767364412546,0.758547798730433,8,NVIDIA A100-SXM4-80GB,gpu202-09-l,2.11.0+cu128,a100-reference
2026-07-27T11:42:20+00:00,nyc_taxi,44986,581835,17,lgbm_default,cpu,7,42,2.3445789559715036,1.1144567218321542,0.2482308522750205,0.7080760672688484,0.031193488277494907,0.7392695555463433,8,NVIDIA A100-SXM4-80GB,gpu202-09-l,2.11.0+cu128,a100-reference
2026-07-27T11:42:21+00:00,nyc_taxi,44986,581835,17,lgbm_default,cpu,8,42,2.2955867460924586,1.1266102830514337,0.2709859595405164,0.7035809783264995,0.03180842101573944,0.7353893993422389,8,NVIDIA A100-SXM4-80GB,gpu202-09-l,2.11.0+cu128,a100-reference
2026-07-27T11:42:21+00:00,nyc_taxi,44986,581835,17,lgbm_default,cpu,9,42,2.38892343937378,1.122719125412672,0.2595492127318999,0.7225548708811402,0.03266913443803787,0.7552240053191781,8,NVIDIA A100-SXM4-80GB,gpu202-09-l,2.11.0+cu128,a100-reference
2026-07-27T11:42:22+00:00,nyc_taxi,44986,581835,17,xgb_default_gpu,cuda,0,42,2.6377951805384634,1.0863546714643557,0.22401502191861367,0.31896300707012415,0.01425141654908657,0.3332144236192107,8,NVIDIA A100-SXM4-80GB,gpu202-09-l,2.11.0+cu128,a100-reference
2026-07-27T11:42:22+00:00,nyc_taxi,44986,581835,17,xgb_default_gpu,cuda,1,42,2.258423938871666,1.0799477052341935,0.2725659441514472,0.2837294926866889,0.006508655846118927,0.2902381485328078,8,NVIDIA A100-SXM4-80GB,gpu202-09-l,2.11.0+cu128,a100-reference
2026-07-27T11:42:22+00:00,nyc_taxi,44986,581835,17,xgb_default_gpu,cuda,2,42,2.254539797435246,1.0749341806528019,0.2543984383792348,0.2852456169202924,0.006733417510986328,0.2919790344312787,8,NVIDIA A100-SXM4-80GB,gpu202-09-l,2.11.0+cu128,a100-reference
2026-07-27T11:42:23+00:00,nyc_taxi,44986,581835,17,xgb_default_gpu,cuda,3,42,2.1886693146963814,1.0732680445323532,0.2571460993712763,0.28377275355160236,0.006755978800356388,0.29052873235195875,8,NVIDIA A100-SXM4-80GB,gpu202-09-l,2.11.0+cu128,a100-reference
2026-07-27T11:42:23+00:00,nyc_taxi,44986,581835,17,xgb_default_gpu,cuda,4,42,2.1365212108005633,1.0813019317916315,0.29077798621989837,0.28813517559319735,0.006706577725708485,0.29484175331890583,8,NVIDIA A100-SXM4-80GB,gpu202-09-l,2.11.0+cu128,a100-reference
2026-07-27T11:42:23+00:00,nyc_taxi,44986,581835,17,xgb_default_gpu,cuda,5,42,2.562396670095392,1.084664056891232,0.2177032103051545,0.2856159908697009,0.006815962493419647,0.29243195336312056,8,NVIDIA A100-SXM4-80GB,gpu202-09-l,2.11.0+cu128,a100-reference
2026-07-27T11:42:24+00:00,nyc_taxi,44986,581835,17,xgb_default_gpu,cuda,6,42,2.3204864531082987,1.0849723452919198,0.2644208765425573,0.28571056853979826,0.00679412204772234,0.2925046905875206,8,NVIDIA A100-SXM4-80GB,gpu202-09-l,2.11.0+cu128,a100-reference
2026-07-27T11:42:24+00:00,nyc_taxi,44986,581835,17,xgb_default_gpu,cuda,7,42,2.3255536854972885,1.0687670512949532,0.26038193083052574,0.28430396039038897,0.006759035401046276,0.29106299579143524,8,NVIDIA A100-SXM4-80GB,gpu202-09-l,2.11.0+cu128,a100-reference
2026-07-27T11:42:24+00:00,nyc_taxi,44986,581835,17,xgb_default_gpu,cuda,8,42,2.2694327010989204,1.0813298111525107,0.28750291410006135,0.2880406975746155,0.006701718084514141,0.2947424156591296,8,NVIDIA A100-SXM4-80GB,gpu202-09-l,2.11.0+cu128,a100-reference
2026-07-27T11:42:25+00:00,nyc_taxi,44986,581835,17,xgb_default_gpu,cuda,9,42,2.3581267562179344,1.0843295678354323,0.27851712380469895,0.2823183164000511,0.006667524576187134,0.28898584097623825,8,NVIDIA A100-SXM4-80GB,gpu202-09-l,2.11.0+cu128,a100-reference
2026-07-27T11:44:08+00:00,nyc_taxi,44986,581835,17,xgb_tuned,cpu,0,42,2.6189076939286577,1.0723207922539408,0.23508785549716793,193.06786474306136,0.05595455039292574,193.1238192934543,8,none,cn603-09-r,2.11.0+cu128,cpu-only-node-tuned
2026-07-27T11:47:32+00:00,nyc_taxi,44986,581835,17,xgb_tuned,cpu,1,42,2.2227649854971734,1.0716009348307638,0.29535595532226533,203.6351528512314,0.18257277738302946,203.81772562861443,8,none,cn603-09-r,2.11.0+cu128,cpu-only-node-tuned
2026-07-27T11:50:47+00:00,nyc_taxi,44986,581835,17,xgb_tuned,cpu,2,42,2.165747932207047,1.0584471712996497,0.31197088901355396,194.34247301425785,0.22674876544624567,194.5692217797041,8,none,cn603-09-r,2.11.0+cu128,cpu-only-node-tuned
2026-07-27T11:53:09+00:00,nyc_taxi,44986,581835,17,xgb_tuned,cpu,3,42,2.1168502179855313,1.0734320710638896,0.305098307686835,142.23527480755,0.11840428411960602,142.35367909166962,8,none,cn603-09-r,2.11.0+cu128,cpu-only-node-tuned
2026-07-27T11:57:13+00:00,nyc_taxi,44986,581835,17,xgb_tuned,cpu,4,42,2.098301086359237,1.059491480717508,0.3159255013253638,243.40901661198586,0.20554078370332718,243.6145573956892,8,none,cn603-09-r,2.11.0+cu128,cpu-only-node-tuned
2026-07-27T12:00:40+00:00,nyc_taxi,44986,581835,17,xgb_tuned,cpu,5,42,2.5165066779171177,1.0677454785858904,0.2454726270025921,206.67641487531364,0.2131185494363308,206.88953342474997,8,none,cn603-09-r,2.11.0+cu128,cpu-only-node-tuned
2026-07-27T12:03:57+00:00,nyc_taxi,44986,581835,17,xgb_tuned,cpu,6,42,2.298796044420661,1.0730447476947316,0.27810804391701205,196.69071638397872,0.1046663885936141,196.79538277257234,8,none,cn603-09-r,2.11.0+cu128,cpu-only-node-tuned
2026-07-27T12:07:16+00:00,nyc_taxi,44986,581835,17,xgb_tuned,cpu,7,42,2.2969231065905937,1.0504225731416532,0.2784811417927493,198.77468529623002,0.1735935239121318,198.94827882014215,8,none,cn603-09-r,2.11.0+cu128,cpu-only-node-tuned
2026-07-27T12:10:54+00:00,nyc_taxi,44986,581835,17,xgb_tuned,cpu,8,42,2.26471022500788,1.0712505190063872,0.2904651077679261,218.09802243020386,0.09663064125925303,218.1946530714631,8,none,cn603-09-r,2.11.0+cu128,cpu-only-node-tuned
2026-07-27T12:14:18+00:00,nyc_taxi,44986,581835,17,xgb_tuned,cpu,9,42,2.3314968262414393,1.074764770633658,0.2947202847342987,203.41973054315895,0.2167028086259961,203.63643335178494,8,none,cn603-09-r,2.11.0+cu128,cpu-only-node-tuned
2026-07-27T12:17:31+00:00,nyc_taxi,44986,581835,17,lgbm_tuned,cpu,0,42,2.607046135248433,1.0723688417757742,0.24200104566050196,190.71120494790375,2.5780421160161495,193.2892470639199,8,none,cn603-09-r,2.11.0+cu128,cpu-only-node-tuned
2026-07-27T12:20:33+00:00,nyc_taxi,44986,581835,17,lgbm_tuned,cpu,1,42,2.202452653154128,1.0643952363466658,0.30817563343186716,179.63764813449234,2.5209717359393835,182.15861987043172,8,none,cn603-09-r,2.11.0+cu128,cpu-only-node-tuned
2026-07-27T12:23:35+00:00,nyc_taxi,44986,581835,17,lgbm_tuned,cpu,2,42,2.1660858373894647,1.0599222761594087,0.3117561763634682,179.43484909180552,2.7306920429691672,182.16554113477468,8,none,cn603-09-r,2.11.0+cu128,cpu-only-node-tuned
2026-07-27T12:25:59+00:00,nyc_taxi,44986,581835,17,lgbm_tuned,cpu,3,42,2.0914582568499513,1.0550014545345834,0.3216692391569751,142.59623178094625,0.5249377656728029,143.12116954661906,8,none,cn603-09-r,2.11.0+cu128,cpu-only-node-tuned
2026-07-27T12:29:17+00:00,nyc_taxi,44986,581835,17,lgbm_tuned,cpu,4,42,2.099843465405694,1.068268977402871,0.31491945890180517,198.45408374536783,0.28167598601430655,198.73575973138213,8,none,cn603-09-r,2.11.0+cu128,cpu-only-node-tuned
2026-07-27T12:32:29+00:00,nyc_taxi,44986,581835,17,lgbm_tuned,cpu,5,42,2.4916400069558198,1.069694393582285,0.26031056369510197,188.91910329461098,2.3746487675234675,191.29375206213444,8,none,cn603-09-r,2.11.0+cu128,cpu-only-node-tuned
2026-07-27T12:35:18+00:00,nyc_taxi,44986,581835,17,lgbm_tuned,cpu,6,42,2.2762575809392347,1.0673985437312163,0.29219417788982005,168.15876221470535,0.7278885962441564,168.8866508109495,8,none,cn603-09-r,2.11.0+cu128,cpu-only-node-tuned
2026-07-27T12:38:24+00:00,nyc_taxi,44986,581835,17,lgbm_tuned,cpu,7,42,2.2935873940721616,1.0559943491949741,0.28057527533587046,184.04196403548121,2.0683930488303304,186.11035708431154,8,none,cn603-09-r,2.11.0+cu128,cpu-only-node-tuned
2026-07-27T12:41:45+00:00,nyc_taxi,44986,581835,17,lgbm_tuned,cpu,8,42,2.2462545081937972,1.0683911334890848,0.3019823585896537,197.46043050289154,3.446667179465294,200.90709768235683,8,none,cn603-09-r,2.11.0+cu128,cpu-only-node-tuned
2026-07-27T12:44:51+00:00,nyc_taxi,44986,581835,17,lgbm_tuned,cpu,9,42,2.332307233479279,1.0722677044656341,0.2942299018054234,183.87326616421342,2.6838898677378893,186.5571560319513,8,none,cn603-09-r,2.11.0+cu128,cpu-only-node-tuned
2026-07-27T11:55:08+00:00,nyc_taxi,44986,581835,17,tabpfn_v3,cuda,0,42,2.6149153015013824,1.0455792015460454,0.23741821769815985,4.883937820792198,758.1191074149683,763.0030452357605,8,NVIDIA A100-SXM4-80GB,gpu202-09-l,2.11.0+cu128,a100-reference
2026-07-27T12:07:50+00:00,nyc_taxi,44986,581835,17,tabpfn_v3,cuda,1,42,2.197441378692494,1.0346403470420313,0.3113202891000688,4.019951083697379,758.195190791972,762.2151418756694,8,NVIDIA A100-SXM4-80GB,gpu202-09-l,2.11.0+cu128,a100-reference
2026-07-27T12:20:32+00:00,nyc_taxi,44986,581835,17,tabpfn_v3,cuda,2,42,2.1509359492134075,1.0338209626990862,0.3213498439130589,3.964569330215454,757.765079931356,761.7296492615715,8,NVIDIA A100-SXM4-80GB,gpu202-09-l,2.11.0+cu128,a100-reference
2026-07-27T12:33:13+00:00,nyc_taxi,44986,581835,17,tabpfn_v3,cuda,3,42,2.093623190058084,1.0297033647705358,0.32026418997518136,4.0404489655047655,757.6547530507669,761.6952020162717,8,NVIDIA A100-SXM4-80GB,gpu202-09-l,2.11.0+cu128,a100-reference
2026-07-27T12:45:56+00:00,nyc_taxi,44986,581835,17,tabpfn_v3,cuda,4,42,2.086494551808465,1.0387739804913434,0.32360202310834274,3.967647918500006,758.3714570356533,762.3391049541533,8,NVIDIA A100-SXM4-80GB,gpu202-09-l,2.11.0+cu128,a100-reference
2026-07-27T12:58:38+00:00,nyc_taxi,44986,581835,17,tabpfn_v3,cuda,5,42,2.5012172772796806,1.04490519350043,0.25461325536285495,4.084515563212335,758.0277593312785,762.1122748944908,8,NVIDIA A100-SXM4-80GB,gpu202-09-l,2.11.0+cu128,a100-reference
2026-07-27T13:11:21+00:00,nyc_taxi,44986,581835,17,tabpfn_v3,cuda,6,42,2.2538222296361785,1.025924275293966,0.3060780322072668,5.473288383334875,757.5299992924556,763.0032876757905,8,NVIDIA A100-SXM4-80GB,gpu202-09-l,2.11.0+cu128,a100-reference
2026-07-27T13:24:03+00:00,nyc_taxi,44986,581835,17,tabpfn_v3,cuda,7,42,2.286993308226456,1.0240178157166255,0.2847060348242969,4.0881886929273605,757.4876251416281,761.5758138345554,8,NVIDIA A100-SXM4-80GB,gpu202-09-l,2.11.0+cu128,a100-reference
2026-07-27T13:36:45+00:00,nyc_taxi,44986,581835,17,tabpfn_v3,cuda,8,42,2.244571522199898,1.0399015487070733,0.3030279336327315,4.873586870729923,757.9430013457313,762.8165882164612,8,NVIDIA A100-SXM4-80GB,gpu202-09-l,2.11.0+cu128,a100-reference
2026-07-27T13:49:28+00:00,nyc_taxi,44986,581835,17,tabpfn_v3,cuda,9,42,2.3373803014530465,1.04840799668854,0.29115628134323146,3.960764791816473,758.4122839104384,762.3730487022549,8,NVIDIA A100-SXM4-80GB,gpu202-09-l,2.11.0+cu128,a100-reference
